Order_ID,ShippingMethod,EstimatedDeliveryDate,ActualDeliveryDate
034f366f-ee3c-4a60-935b-d98e315f06fa,Express,2024-03-10,2024-06-27
3a376f07-7eb5-41cc-8075-8a36bccc336f,Express,2024-07-21,2024-04-23
de1eaf6b-5385-4fe9-9739-1fc25d688be2,Overnight,2024-09-25,2024-05-22
9fd793b9-6754-474d-a7e2-92b304043d84,Overnight,2024-10-21,2024-07-08
9e9499f0-b9cb-4533-aead-b9236b85cc63,Overnight,2024-04-16,2024-04-12
e66dd218-ad70-4651-87a1-52c58979705a,Overnight,2024-04-30,2024-04-21
8a6f552d-379d-4283-87fe-fdc5af83befd,Standard,2024-01-03,2024-06-01
a6a0c46d-9da9-446f-8abd-8a41a7068e87,Overnight,2023-11-15,2024-09-03
bf5f7fb5-a51c-48aa-8dd5-68f53f29ef37,Standard,2024-10-19,2023-12-27
01cdf862-3ed8-4914-9183-1cfbe456bc37,Standard,2024-06-20,2024-02-21
b4c96bc1-1b8b-4241-a95b-36f40717c845,Standard,2024-03-22,2024-04-08
f69b39d0-040d-481e-8abe-724dc443c3eb,Standard,2024-01-22,2023-11-18
6870272b-3ce2-496d-b18a-1aec9d42cc5f,Express,2024-03-01,2024-10-23
e85c4eff-240f-4540-8b68-f4615aa3ee59,Standard,2024-04-07,2024-04-15
8782e209-e198-42db-8eaa-5de9739193a4,Overnight,2024-03-20,2024-10-01
3dc2a583-aa9d-45c1-91e2-8363c8d86f7f,Overnight,2024-05-15,2024-10-18
0a188c06-78cb-4135-8743-71869a04010c,Express,2024-03-06,2023-11-10
c27de3b9-5381-4d6d-a3fc-221898430a1b,Standard,2024-09-01,2024-04-20
c29546df-012c-4da8-9242-ae6a5b34ce6a,Express,2024-03-24,2024-03-18
c6ef7f07-a365-45c0-a18e-7e4b3d175ec9,Express,2024-10-07,2024-03-20
3df4c4c2-816b-4d00-be42-98f8ddbe3bf6,Express,2024-03-14,2024-05-06
5a429f0d-cc8f-4983-ac8d-f64731769ba8,Overnight,2024-04-13,2024-09-21
7c72a2ec-19d1-4c5b-842b-d7f59d0b771e,Express,2024-04-27,2024-02-08
665c07c6-a849-42c6-a5a0-5dc2ab9d6eed,Standard,2023-12-16,2024-06-13
b2984f35-5387-49fa-89b4-6ad614708526,Standard,2024-07-20,2024-10-11
6fca123c-3559-4877-9bfc-99315be5524a,Overnight,2024-10-01,2024-10-02
029c8171-c106-4dc9-bbdd-bde9cd7c5584,Express,2024-02-12,2024-05-28
4577a507-73bb-4f5b-92f3-030ce7e5c91b,Standard,2023-12-23,2023-11-02
f88ddec0-379b-4d3d-b75e-ed199ad5568b,Overnight,2024-08-10,2024-05-02
7bbda687-9043-48bb-9d45-2808f81b9a4d,Express,2024-03-19,2024-07-24
7efc7cd8-4b71-48f9-a74c-a02c8913f516,Standard,2024-06-29,2024-09-22
df1f324d-bd5e-4864-a1a3-bbb298d2f058,Standard,2024-05-31,2023-11-25
4f6c039e-248a-4e81-8f34-cf670ef27b07,Express,2023-11-08,2023-12-05
3fadc5d4-c7e5-4fb7-809b-cee6149b8333,Express,2024-08-31,2024-05-28
da86e6af-1bb6-48c2-a809-409dce1e7cc1,Express,2024-02-04,2023-12-20
affb8a68-a030-44c1-8c69-76a102f3634e,Overnight,2024-06-30,2024-09-24
2b3139c2-33da-4cd0-aa53-2e966944d2c3,Express,2024-09-20,2024-05-10
d983c377-abe2-4d87-a792-790d4d881d2a,Overnight,2024-10-22,2024-04-13
44c4a151-3b81-4e8f-9f72-44f678448d11,Standard,2023-12-12,2024-06-05
2e558f98-f305-443e-adc5-11a99b6eca76,Overnight,2024-10-21,2024-08-06
a5cb2833-a219-4573-a20c-f6cbe31947f1,Express,2023-11-29,2024-09-05
48edd7ee-1760-4ad7-b4ad-608626fb4a72,Standard,2024-04-17,2024-05-07
3ca1b4e7-9f73-4e85-99da-8b886dee83a8,Express,2024-09-20,2024-06-14
ae3fec3a-2726-42a3-8f9f-a4e051031da1,Standard,2024-05-14,2024-08-31
17f2d47f-c366-4b97-8424-ff5d90dd1cdf,Standard,2024-09-14,2024-09-04
febe80eb-ca5e-4b00-8dfb-87c772af5edd,Overnight,2024-07-14,2024-05-21
53a985dc-8ad6-4013-8a2a-67aa3bd86030,Overnight,2024-10-15,2023-11-15
ca61d79e-f65d-4588-b3fd-5ccdeaed991c,Standard,2024-09-02,2024-05-02
23b181ed-1f02-44bf-8872-948a9c37986e,Express,2024-06-08,2024-06-07
302f3aa3-3d38-49df-b355-302659a35088,Overnight,2024-08-15,2024-09-23
bbf151fb-9059-4b9b-899e-ae4e47a0bb4a,Overnight,2024-03-30,2024-03-04
e7dff8c6-391c-465d-a609-335e473d2c95,Standard,2024-07-24,2023-11-30
49d188f8-3bb6-4177-90a1-8925abe094fa,Express,2024-07-02,2024-09-18
de1eaf6b-5385-4fe9-9739-1fc25d688be2,Overnight,2023-10-29,2024-04-26
a1b19d93-1fa5-4134-ade2-be45ec9da452,Overnight,2024-06-21,2024-06-23
7ab9caba-5bf1-468f-b1ec-fab9e83070a8,Overnight,2024-09-19,2023-12-15
3268406a-901d-4936-8f32-793cbc3eff04,Express,2024-05-10,2024-08-05
60dd343b-dc45-4c33-b8cb-0ee8163ed522,Overnight,2024-07-13,2024-03-16
d372e92f-8337-4a04-a748-ef10f831b4c1,Express,2024-06-12,2024-03-07
2b034239-2993-41f1-b805-b427d70e4185,Standard,2024-10-17,2023-11-20
928902e2-1dd6-46e5-9566-e3dfa9a21367,Standard,2023-12-23,2024-06-18
31613274-00ff-43aa-93e4-66d42e1a3c76,Standard,2024-10-24,2024-09-26
55646ff7-e13d-422e-b258-bd84857172aa,Standard,2024-03-17,2024-01-18
bc15765f-9445-45f7-807b-14b806ba801e,Express,2024-09-02,2024-01-26
344e4d4d-9cd5-426f-9201-e9e56c0607ad,Standard,2024-10-08,2024-06-06
29aefe2e-207a-44c7-9224-4bdd8b035792,Overnight,2024-07-18,2023-11-09
d83ac4e3-c22a-4ab2-b1d8-4c33eeddadd8,Overnight,2024-07-08,2024-06-11
d5ce4fbb-33c1-4294-b90c-ecd37aa6334e,Standard,2023-11-13,2023-10-27
6800eae1-5e74-400d-881e-f6b79eb0c745,Overnight,2024-02-21,2024-05-22
e27071b8-e2c3-449b-b191-d363c35f3123,Standard,2024-04-12,2023-12-09
1326cf1c-4b39-4d09-89ca-e26f62e5b41f,Express,2023-12-28,2024-05-01
3f812978-e47e-4fe5-99c6-99429069db9b,Standard,2024-09-25,2024-08-07
9a055793-1122-4183-bc7e-6cad6e807820,Overnight,2024-01-24,2023-12-16
dcf149cd-bf59-445e-8b87-6ce516cf138c,Overnight,2024-02-07,2024-07-21
b132b8ff-4c45-4b5b-b9f7-e3acdc64fdef,Express,2024-08-20,2024-10-08
74b37fd4-6c09-40f1-9ad9-983c6ef47f62,Overnight,2024-10-13,2023-10-26
5d35522a-5ab7-47f2-a4fc-671d4b153fdc,Standard,2024-08-04,2024-02-05
da6ce72d-4058-4038-8763-92de861726f3,Overnight,2024-06-21,2024-01-30
041ef00e-3b9d-4525-85b0-9744bf5decd2,Overnight,2023-10-31,2023-11-18
67ee40e4-0c17-41fa-a3a2-e206fd0c560c,Overnight,2024-08-15,2024-01-24
815a55c8-2890-4e8b-b40c-00f98d5ec003,Overnight,2023-12-18,2023-12-27
a561426d-5c85-4ed9-a943-2c9b42e03529,Overnight,2023-11-17,2024-08-28
259643ba-a255-4e9b-a064-f521728cedb8,Express,2024-08-19,2024-06-06
7174e1db-eade-4284-ad8a-8ed52bb76d11,Standard,2024-09-22,2024-09-16
1fa5bc8b-5aae-4e88-ae22-a7764dea0759,Express,2023-12-23,2024-05-17
09b6f895-d9aa-4de4-833d-cfc0535192df,Overnight,2024-09-24,2023-12-27
51ef6bbc-285f-4e30-a28e-b2afbc4289f0,Express,2024-04-21,2024-04-20
d6a4dbe3-200f-439e-91b9-93965a8eaf90,Standard,2024-03-19,2024-02-15
a7b34df3-7ba1-4b6f-a8f1-023f2a315da0,Standard,2024-09-04,2024-05-07
4c8e7b8c-4a6f-4b85-aeea-33c75747743d,Standard,2024-03-15,2024-10-17
eb10e06d-e516-4db2-bd6b-1e0cc4bb6e69,Overnight,2024-10-13,2024-02-02
f8b9fcf5-e9ce-4188-a94e-1de1d9b65066,Standard,2024-04-26,2024-01-11
277f5d97-f17c-4aa0-baba-019b61203b09,Overnight,2023-12-18,2024-07-30
00db3ab7-bd08-479e-80c7-03be56bb0832,Standard,2024-04-19,2024-04-27
b2984f35-5387-49fa-89b4-6ad614708526,Standard,2024-05-05,2024-05-21
efdb7d8a-8baa-4eee-99f3-d753f9966dac,Overnight,2024-06-01,2023-11-05
e2f27b15-0777-4ac1-9e8f-72456dba097a,Express,2024-08-21,2024-09-13
423e732b-bf2b-40b6-84aa-42c6fb035745,Express,2024-02-07,2024-03-21
01cbc812-2a20-4816-90a8-bfa112c405bb,Overnight,2023-12-26,2024-10-13
e0ceec23-f067-46da-b39c-500c24955085,Standard,2024-09-26,2024-09-01
3890c8ab-3926-462f-837d-db205c445e92,Standard,2024-06-24,2024-08-25
435edcee-6216-4f84-ac82-6a175c2aacbd,Overnight,2024-02-12,2024-09-11
0ff2237c-0bce-488b-909c-9649f542e667,Overnight,2024-09-12,2024-03-01
7a9e4c72-7485-4863-a273-77af32339334,Overnight,2024-02-13,2023-10-31
d6b3d203-d333-4409-a566-67704c554e6c,Standard,2024-03-05,2024-06-08
28003435-86fd-46ed-acd7-ba7dd7dad9c6,Express,2024-05-24,2024-03-23
32958412-c729-4f00-919a-ebd2606a89d5,Express,2024-03-23,2024-03-31
f4de35d4-e235-428c-acfe-bb70bd06b1b3,Express,2023-11-15,2023-12-19
287cad06-5f97-48d8-a5d5-b952ffc1b7c1,Standard,2024-05-06,2024-08-16
f69b39d0-040d-481e-8abe-724dc443c3eb,Express,2024-01-25,2024-04-19
556f3fac-0159-4073-9006-6e05185eb3ee,Overnight,2024-06-16,2024-01-26
7f1df8d3-990f-478c-b94f-62c6ef8bb971,Standard,2024-01-13,2023-12-04
ce5743db-304c-4c74-8fe5-b1a57562dd45,Express,2024-08-04,2023-11-20
8fef2346-64ed-4e31-8229-351363b11378,Standard,2024-04-17,2024-02-02
a07b9af5-2734-427b-b9bd-f46d5884a3be,Standard,2024-07-27,2024-10-03
7b5d7889-43ba-42c4-b604-2a434a1cff1f,Express,2023-11-30,2024-07-15
2496b8b1-2679-49a2-9ad3-7b5829a435fe,Standard,2023-11-22,2024-02-18
38f7ac92-089f-497c-855b-8d8aeb0a74bc,Express,2024-07-23,2024-08-25
4b1c5d95-69c5-4ad0-83d6-67d7ba7b0bd7,Overnight,2024-02-05,2024-04-11
5efc9880-a350-4fa1-a5f0-7ee2e7490ec9,Express,2024-09-24,2024-09-02
79b90358-4d8b-408e-ab4e-1c9d4f3ee5ef,Overnight,2024-09-09,2024-09-13
d51c99fb-aff2-4035-971a-00786c4067da,Standard,2024-06-12,2024-05-26
ea052ebb-c931-4ebe-ad31-8130e2abb51b,Express,2023-12-23,2024-01-23
930d943a-2bf4-45f9-9a5c-a615aec9e508,Express,2024-02-27,2024-08-23
f736289f-2911-4c46-92d3-c359fc34ea91,Express,2024-09-14,2024-08-12
b93b4cb2-6c7c-4d08-a912-7529ef33ac3a,Overnight,2023-12-13,2024-03-29
364526cd-6207-4e04-8c65-4061c02157a2,Overnight,2024-09-30,2024-05-05
278400a2-7b6b-4445-b729-3d2f1ffd400d,Express,2024-03-31,2024-08-04
2ef618f2-a4a0-4dc0-93dc-f1aa255d41cd,Overnight,2024-09-02,2024-06-25
89c96efc-514b-47f7-982a-3e6a5a0c36b0,Standard,2023-11-15,2024-08-18
53298b0a-1321-4419-8b34-30cd415c355d,Express,2024-08-18,2024-02-25
05b45558-7209-4d65-a2a2-503a5e99408f,Overnight,2024-03-22,2024-06-01
9caa51bd-b2f4-4158-b312-d2c3bfc506e8,Express,2024-04-18,2024-06-28
6018376b-f1b2-4337-bba2-f6a40d0388d1,Express,2023-11-13,2024-02-26
8e396035-b6e1-41f0-acb1-f6c193d6453b,Overnight,2024-05-28,2023-11-05
3ab2b2cf-1726-4c35-971b-52615b84f8b7,Express,2024-10-12,2023-10-28
e85c4eff-240f-4540-8b68-f4615aa3ee59,Standard,2024-01-31,2024-09-24
ce0c0368-1261-4dc7-9da0-6c68f19e734d,Overnight,2024-06-04,2024-08-07
53ba1aa8-29f7-4558-ad95-29d9d439cf15,Standard,2024-08-24,2024-06-29
ab3ed148-a96d-413f-9f2a-3eaab7dab7ce,Express,2024-05-30,2024-02-13
6ff0f2c1-f7c6-4b8a-ba08-4d42bd329ba0,Overnight,2024-08-15,2024-04-07
f8b894df-8a55-4d9a-bcb4-5955d32aba5c,Standard,2024-02-15,2024-03-29
1f6c3947-3e21-4122-933e-c8196b421d17,Express,2024-10-01,2024-03-24
e31463c3-8b27-4426-8995-8139da06545f,Express,2023-11-03,2024-10-04
312e78ba-052f-43c9-9fe1-a6ce6b2fa576,Standard,2024-03-05,2024-07-03
33060cc1-6ec1-4f7d-a8aa-ada91caaf21e,Standard,2024-07-14,2024-08-02
be5e99ab-41f8-4dad-abf2-b26581e75d18,Standard,2024-04-19,2023-11-04
6c9d48f6-8004-4040-a885-84792e367cb8,Standard,2024-05-30,2024-04-03
07f29de6-d45c-47e4-8e35-2451b55adbab,Standard,2024-01-26,2024-06-06
9064e7db-3314-4ee4-a1da-2601be6da683,Express,2023-12-08,2024-07-23
ac8b44f5-0a17-42b8-8542-e30b62d21f2f,Overnight,2023-12-22,2024-01-26
302f3aa3-3d38-49df-b355-302659a35088,Express,2024-08-26,2024-08-06
fdc5cd31-646c-4554-8393-496e95c55920,Standard,2024-01-04,2024-09-22
b23dddc4-7aed-4ccf-b5c5-ace63449a942,Express,2024-03-27,2024-04-13
a6a0c46d-9da9-446f-8abd-8a41a7068e87,Standard,2023-11-03,2024-08-05
4c4cc3c6-6509-42c1-bfb1-64acfe8dc8b0,Overnight,2024-04-04,2024-08-27
1cf0f572-1f84-4504-ab54-8571204911d6,Overnight,2024-08-05,2023-10-30
bbd836f0-bd07-4ea1-a013-b2467945260c,Overnight,2024-05-09,2024-05-02
de1eaf6b-5385-4fe9-9739-1fc25d688be2,Standard,2024-03-16,2024-10-16
4c0a360d-372d-4f3e-829b-f40933dc3611,Standard,2024-07-17,2024-08-04
6029852f-b831-4559-92db-b04a1219f1a9,Standard,2024-10-24,2024-10-21
b1cb0d30-1f90-4608-87b7-b6885eaafd92,Standard,2024-03-28,2024-10-14
6018376b-f1b2-4337-bba2-f6a40d0388d1,Express,2024-01-02,2024-02-12
513b5a44-4a96-4203-8d3f-c239ee13de08,Standard,2024-09-05,2024-04-30
43b7f373-cb6a-479e-9c2e-f13e776aac7d,Express,2023-10-29,2024-08-26
1dc3fb42-4d43-46e6-88f5-545a9b7fb7df,Overnight,2024-08-25,2024-05-05
57a0f624-8e78-4ab4-939f-c9ffceb7fab7,Overnight,2024-06-08,2024-10-18
4f6c039e-248a-4e81-8f34-cf670ef27b07,Standard,2024-02-21,2024-03-22
dcb4b6cc-398d-4488-9441-455d87d9e5ad,Express,2024-02-17,2024-02-12
c59211d3-5dca-4fa5-b1e6-d335efabe529,Overnight,2024-04-29,2024-04-26
7eb9bd62-9745-4094-8c1b-c01e95e2965a,Overnight,2024-09-26,2024-05-20
5f9e73ff-03a1-4845-9d14-e1a846de3ae9,Overnight,2023-11-12,2024-04-02
a8fe12b9-f761-4d93-906e-a74e211d56b2,Overnight,2024-04-29,2023-12-07
5cd691d0-ce1f-4480-bf65-2e97c8618b42,Express,2023-12-24,2024-07-26
f9040abc-2872-40da-8641-06541f6817fd,Express,2024-06-07,2024-02-19
34561333-b764-4a02-90bb-b233d1a80194,Express,2024-01-18,2024-06-23
380a10ea-00cd-48c6-b54e-1a0e749daa83,Express,2023-12-06,2024-10-04
c894b150-7b0b-4193-a37e-6e4d5ab8f00a,Express,2024-01-09,2023-12-16
4653111b-fb81-4e84-a04d-75c23bc9eda8,Overnight,2024-01-16,2024-06-08
32fabae1-413c-4d29-92eb-a7a866b23d4c,Standard,2024-07-17,2024-01-05
ec079087-8c2c-485b-9e5c-555b99e6e5e5,Overnight,2024-06-02,2023-11-15
0dd17ef4-45c6-4b92-9eb8-cc8dd2ecf4ff,Overnight,2024-10-03,2023-12-26
53b10409-0753-4aea-9694-df4140680424,Express,2023-11-30,2024-03-15
228138a8-ec29-4ff4-b5f5-a87f9042ef6e,Standard,2024-01-28,2024-05-25
d745345d-8526-4408-abb6-4d46905daf14,Express,2024-04-05,2024-08-14
b910cf51-1459-41b9-94a6-2ae1634331af,Standard,2023-11-29,2024-08-30
fc65b211-8188-4966-a05b-68d5c6ffda68,Express,2024-08-27,2024-01-20
7ef64b83-ef93-4d30-a946-3347c278a25a,Overnight,2024-07-13,2024-09-29
2a69bdc2-0cd3-44f9-97ce-c697f183c9c1,Standard,2024-04-08,2024-04-11
8f942f42-10d1-48bb-8b75-c58831571cb4,Express,2024-03-22,2024-03-27
cfe1e1af-3b2b-4d8b-9911-283bea0f1039,Overnight,2023-11-26,2024-02-20
3914d3ee-e6b5-43fd-bc95-3461f95d4796,Express,2024-09-28,2024-04-04
b94ba13a-f14d-4fa2-b39f-0b72475ad956,Overnight,2024-06-04,2024-02-16
f4b7a1dd-aa41-4f23-bd93-4c0e7530d5dd,Overnight,2024-07-15,2024-01-30
a923fa8d-7ce4-46a9-a977-9516e61d092f,Express,2024-07-01,2023-11-01
0b6d8e31-ce31-42c8-8a86-f3e15c214f59,Express,2024-04-16,2024-08-10
7d42b8cb-1743-4b9d-8a76-6e095a47118c,Express,2024-01-12,2024-06-15
28003435-86fd-46ed-acd7-ba7dd7dad9c6,Overnight,2023-12-13,2024-01-05
946b961a-84bc-4a7b-bc34-0ab6ca637a9b,Overnight,2024-05-15,2024-09-02
81a8ae0d-35de-487b-853d-c22fb26a3558,Overnight,2024-01-18,2024-09-27
4c062213-2ac5-478a-bf20-512c3191a516,Overnight,2024-02-22,2024-03-19
cb0c8d85-f4cd-4d4e-991c-8ff6107bf18f,Express,2024-08-05,2024-07-25
f8b2c5f5-876f-4971-b151-dcf7ffeb8eea,Express,2024-06-22,2024-03-04
d44567ce-398b-4912-88dd-6e44cefeb72c,Overnight,2024-08-23,2024-05-25
179bb3c1-7e23-43b0-99e3-f9e277bd7e9f,Express,2024-06-16,2024-05-25
df56860e-e744-4c03-8387-62227eea54b3,Standard,2024-10-17,2023-11-23
415a4a64-d443-4365-84f2-d2ceb9e3be4c,Express,2024-03-11,2024-10-17
d6d47b00-5a10-43ea-a892-d59ba295c9c2,Standard,2024-05-09,2024-10-21
24e376e2-b9ce-4304-b848-59287e11bd21,Express,2024-04-30,2024-04-21
4fcbf7c9-7dbb-49b1-82bb-771c61d87591,Standard,2023-12-23,2024-02-10
a7778f88-60fb-41af-82c3-e034c41d692a,Standard,2023-11-13,2024-10-07
a3932581-4ace-4a8e-8b6e-e7fe02479378,Overnight,2024-09-30,2024-06-26
78ea17dd-ab7c-4f83-a408-44384d8da779,Standard,2024-01-07,2024-06-08
5222a96a-648d-49fb-837d-3dec29d0b89b,Overnight,2024-01-15,2023-11-23
d8f1c13c-087d-4b08-9967-24c8979a2f88,Express,2024-04-19,2023-11-15
a547f72d-d48e-4930-93a7-e7389a756a2d,Standard,2024-06-21,2024-06-20
6aeb01d0-5df4-4625-aa69-04430299d495,Standard,2024-02-13,2024-01-31
c6ef7f07-a365-45c0-a18e-7e4b3d175ec9,Overnight,2024-08-20,2023-11-29
f6dcde32-c9d8-4e6b-8d2c-ae550bab57b0,Standard,2024-06-26,2024-03-02
fadf3dc5-2124-486b-9417-b9b14cb397f3,Express,2024-04-09,2024-10-19
943a8d72-0b79-4b80-a759-fb18cf2d5c28,Overnight,2024-01-24,2023-11-07
5729072b-96d8-4d0c-b2d1-f6160a825038,Standard,2024-03-18,2023-12-20
4c636a3a-3305-4f02-b129-c9779d1aeba2,Overnight,2024-10-15,2024-01-30
68564d40-3bcc-44e1-856f-42433dcd4633,Overnight,2024-08-09,2024-01-27
e417b613-9ed1-457c-9cf0-a8b5659cef05,Express,2024-02-11,2024-08-12
bf7acc1e-9c94-413d-a4df-b1465f6efe61,Express,2024-01-28,2023-12-10
d68db89e-56de-456d-876a-15a4128e223a,Standard,2024-02-06,2024-04-15
a5cb2833-a219-4573-a20c-f6cbe31947f1,Express,2024-02-24,2024-10-10
290e3356-85df-410a-a8f4-83950ef0e779,Overnight,2024-04-01,2024-04-28
2a32f953-b0dc-48e6-9498-671c045d97c5,Express,2024-07-18,2023-12-31
0e991b9b-04cd-4c90-b4ba-e369201bab29,Express,2023-12-01,2024-08-12
eb6cf7aa-137b-4402-aea5-9c67743d3018,Standard,2024-01-22,2023-11-05
d4cc00f9-0c9d-49cc-b6c0-7ad4e81a88b3,Overnight,2024-01-08,2024-03-25
4f5ba954-e399-4207-bc43-2d99a3c9d366,Standard,2024-02-04,2024-01-29
bf5f7fb5-a51c-48aa-8dd5-68f53f29ef37,Standard,2024-04-21,2024-05-24
482ecf5a-c698-4ed9-93b1-790366391dcc,Overnight,2024-09-20,2024-09-03
2668b5b0-dbb8-4a46-878d-86da0784a35e,Express,2024-04-08,2024-04-11
b4629f52-5a23-4f7b-9142-2befbc813561,Standard,2024-10-04,2024-09-29
a59f09e4-01f8-43e3-b90e-03064d0cdebe,Overnight,2024-06-18,2024-04-07
034f366f-ee3c-4a60-935b-d98e315f06fa,Express,2024-10-25,2024-08-15
e46e82d6-2ef8-47be-8720-92c5fd646276,Standard,2024-01-25,2024-01-03
ab2d67f5-daa4-4b3e-a7ee-eea154d950bc,Express,2023-12-31,2024-01-09
79098636-aec9-4a41-a7c0-80bf87c596a2,Express,2023-12-05,2024-06-17
09e539ae-3306-4524-aa7a-f9064d928a63,Overnight,2024-05-25,2024-06-11
0a1dcf2f-0482-4a7f-bd5b-e7c2aad849d1,Overnight,2024-06-20,2024-08-11
2ef618f2-a4a0-4dc0-93dc-f1aa255d41cd,Standard,2024-03-05,2024-01-22
7bdff515-1680-4674-bc52-d353011958e9,Overnight,2024-03-28,2024-01-10
1420d91d-252c-40db-8459-9936ff8576de,Overnight,2024-09-16,2024-01-26
cd3922c8-3b3f-438d-8adf-097b02c7473e,Express,2024-05-19,2024-02-21
a1c61d8d-d2b7-4628-b1ca-21fc4947c5f8,Overnight,2023-10-30,2024-03-05
f6b364eb-18b6-4c30-a5c6-2f8977f244b8,Standard,2024-10-19,2024-04-27
9cdc7d2e-2352-44c2-b8b7-4949156aa50e,Overnight,2024-03-18,2024-01-20
b944de55-0bc0-40b6-ab66-385d681da337,Overnight,2024-08-15,2023-12-30
838f627a-cfd9-4545-a1f6-e89f45dd121f,Express,2023-11-11,2024-01-18
467d28ac-ebf3-407d-8c54-1852da3d4a8c,Express,2024-01-06,2024-04-23
e31463c3-8b27-4426-8995-8139da06545f,Standard,2023-11-20,2023-12-08
f57991ee-ca62-463d-b7a8-e25eecd4241d,Overnight,2024-06-15,2024-02-19
9b24d06e-bca6-485f-884f-c8b1628b96a6,Standard,2024-04-25,2024-06-28
278400a2-7b6b-4445-b729-3d2f1ffd400d,Overnight,2023-10-28,2024-03-23
06fa5ac0-791e-44cd-a3ac-ceaf62c1c1af,Standard,2024-05-23,2024-08-17
55646ff7-e13d-422e-b258-bd84857172aa,Overnight,2023-11-22,2024-02-08
3a93e14c-1cf7-4717-a51a-9cd973737dac,Overnight,2023-11-26,2024-10-20
9f1b1de2-dd5e-4f2a-a132-772c2c6e3c89,Express,2024-06-03,2024-03-17
3fe21210-7af1-488f-8700-6428c0204d17,Express,2023-11-22,2024-03-17
2ef618f2-a4a0-4dc0-93dc-f1aa255d41cd,Overnight,2024-01-22,2024-07-10
7760a44e-3064-4eda-bd88-d9f9b2f80da2,Express,2024-03-17,2023-11-01
a547f72d-d48e-4930-93a7-e7389a756a2d,Overnight,2024-08-11,2024-10-08
53ba1aa8-29f7-4558-ad95-29d9d439cf15,Express,2024-08-05,2024-03-12
51b8ff17-84e8-4a8f-b491-4b71846f20cc,Overnight,2024-09-21,2024-09-26
b944de55-0bc0-40b6-ab66-385d681da337,Overnight,2024-10-17,2023-12-12
38f7ac92-089f-497c-855b-8d8aeb0a74bc,Standard,2024-10-11,2024-02-10
8bb6a3d3-e9c9-4cad-b012-f425c237d92b,Overnight,2024-07-12,2024-07-12
c877224a-b5ba-4332-b015-a878b182b4fd,Express,2024-10-05,2024-10-24
df56860e-e744-4c03-8387-62227eea54b3,Standard,2024-10-04,2024-04-04
19883015-3979-4e13-b2be-e7e467a4eb85,Express,2024-08-16,2024-07-13
0a1dcf2f-0482-4a7f-bd5b-e7c2aad849d1,Standard,2024-06-30,2023-11-28
653d25a4-b378-42bc-8610-0e2c4b5c1716,Standard,2024-03-18,2023-12-10
721c8f98-7d48-48e3-96ec-4e840d439a2f,Standard,2024-03-09,2024-05-21
c0b94ef9-1f1b-4865-8c0e-1797cc11b293,Standard,2024-05-11,2024-08-07
d6d47b00-5a10-43ea-a892-d59ba295c9c2,Overnight,2024-03-07,2024-05-30
b4ddb294-7116-456e-a893-57628208cf2d,Express,2024-07-27,2023-10-27
f94a25c9-e9cb-441a-96e4-fc78a3f654f9,Express,2023-11-28,2024-07-05
eb10e06d-e516-4db2-bd6b-1e0cc4bb6e69,Overnight,2023-10-28,2024-02-24
1dec25df-770d-4a2e-953f-2578537378a3,Overnight,2023-11-16,2024-09-06
3f1429ca-7fb4-4715-8df0-1135dc9e17a0,Overnight,2024-06-19,2024-09-01
013997ed-2697-4b73-8637-ae8c4e02f789,Standard,2023-11-21,2024-02-03
05b45558-7209-4d65-a2a2-503a5e99408f,Express,2024-06-22,2024-07-06
de4092af-5b0e-4f22-9bb0-478a6fa899d2,Standard,2023-12-03,2024-07-01
3c33fa6e-9a38-45d9-a69c-de6d67e2b71a,Standard,2024-03-18,2023-12-24
d7cb249f-9234-4e8a-8ad9-e40c9373dd7b,Express,2024-04-05,2023-12-14
34561333-b764-4a02-90bb-b233d1a80194,Overnight,2024-03-22,2024-10-14
773f5970-acb6-41dd-9a5f-6a97bca0dd38,Standard,2024-02-21,2023-11-27
3adbc270-596b-4265-8662-e61d1c6bbf50,Overnight,2024-09-01,2024-09-02
4f5ba954-e399-4207-bc43-2d99a3c9d366,Express,2024-08-22,2024-04-07
7f1df8d3-990f-478c-b94f-62c6ef8bb971,Express,2024-05-18,2023-11-28
482e936e-6056-4af5-acd5-2d55528fb48d,Overnight,2024-07-30,2023-11-30
4f7c642f-621f-432e-9862-a1d080397a83,Express,2024-07-11,2024-06-09
8e834cf4-6ba6-4be9-84e7-65f789fd44eb,Express,2024-04-17,2024-05-03
c725d802-e096-4b08-8022-a59efda826e2,Standard,2024-10-03,2023-12-05
48dbe40a-f1c6-4cfc-b2fa-aeb043d727fb,Standard,2023-12-28,2024-04-19
fd56f99a-39e4-4abe-a348-b9b8abd99700,Express,2024-03-30,2024-10-12
67ef1015-12d6-4276-9770-42956edc9d76,Standard,2023-10-28,2024-01-12
62bc9ac9-707c-41f8-bc77-df083d29ba47,Express,2024-01-27,2023-11-11
2b29919e-41fc-44c1-bdd3-b74f2aa5a97c,Express,2024-09-08,2024-02-08
e302ebfb-8f9d-46ac-99b9-dba3a996a155,Overnight,2024-09-22,2024-10-25
e4af0e05-754d-4afa-bed2-fa08a6d1cc3c,Express,2024-02-23,2024-10-17
556f3fac-0159-4073-9006-6e05185eb3ee,Express,2024-04-24,2023-12-04
fb5a8912-17d8-4e73-9991-2b51174663db,Overnight,2024-08-17,2024-03-30
2ba5bec8-a840-4503-861e-4cf338b248e3,Standard,2024-05-20,2024-08-25
ff5d5332-7f1f-417c-858e-621b9bfeb562,Standard,2023-11-20,2024-02-11
d33608fa-e9ce-4d2b-ae1b-d9b9481a8fe1,Standard,2024-09-05,2024-03-11
dbad401b-d782-476b-add8-7df3c2a73d51,Overnight,2024-07-24,2024-03-16
7d6932c1-1ba3-4ca1-82a4-0f17c8175467,Standard,2023-12-14,2024-01-21
23b0ba2d-a785-4389-bbb1-95f839271435,Express,2023-11-11,2024-05-19
367103dc-cba4-4ffb-be85-f620349460ac,Overnight,2024-01-02,2024-10-08
bf5f7fb5-a51c-48aa-8dd5-68f53f29ef37,Express,2024-04-30,2024-05-05
f4725d77-76d4-4a0b-b048-472acc580fed,Overnight,2024-03-03,2024-07-22
d70741f8-e8ba-42f3-a8dc-7fe3dfe59515,Standard,2024-03-21,2024-08-29
815a55c8-2890-4e8b-b40c-00f98d5ec003,Standard,2024-05-27,2024-04-18
046fceec-8910-4551-9a24-7a270beda8f0,Express,2023-12-22,2024-07-08
980c926c-4b12-47f7-b1d3-70dbefd1cfdb,Express,2023-11-14,2024-07-06
f6dcde32-c9d8-4e6b-8d2c-ae550bab57b0,Express,2024-02-01,2024-02-17
bfbe1678-fad8-42c6-a9ac-7a4e70216495,Standard,2023-11-10,2024-03-30
a667e799-fea5-409a-a522-a1ac5d0d6e9e,Standard,2024-09-06,2024-09-07
036e4e2b-9cea-4461-8450-f97374970b5a,Overnight,2023-11-22,2024-05-24
9776dd3f-d41d-4f10-8f85-f9bf4c681f1d,Overnight,2024-03-05,2024-04-02
06121a04-7042-4792-ac35-19f41946e8cf,Express,2024-03-01,2024-06-13
1404ffce-5efc-4f42-b41f-e5397e873b58,Standard,2024-10-15,2024-10-10
707e8c39-e033-4f2d-8e2e-065ddbee520b,Overnight,2024-05-26,2024-01-26
013997ed-2697-4b73-8637-ae8c4e02f789,Express,2024-01-11,2024-05-18
6018376b-f1b2-4337-bba2-f6a40d0388d1,Express,2024-05-24,2024-07-11
08bf787e-d5f9-4722-be49-de944916361a,Express,2024-07-15,2024-08-06
a542fd47-0f4f-4ee7-a107-b5f948c23caf,Overnight,2024-03-15,2023-11-09
8b59d94e-b529-447e-9ec2-35a29d6f711b,Express,2024-08-02,2024-03-18
1fa5bc8b-5aae-4e88-ae22-a7764dea0759,Overnight,2024-02-19,2024-05-28
771d251b-6a5c-4563-8928-bcb5b1f0c4fe,Express,2024-06-16,2024-04-21
72ef9c56-e165-429d-a70f-42ed86a6370f,Standard,2024-05-01,2023-11-16
0d77cb9e-e3e5-4087-ad10-ade06882f41a,Standard,2023-11-23,2024-07-08
b4629f52-5a23-4f7b-9142-2befbc813561,Overnight,2024-03-30,2024-08-11
b47db376-418f-47cf-8180-77352f67242d,Overnight,2024-05-05,2024-09-04
69c2b5d5-c9a0-446a-9fad-e20ceaada84c,Overnight,2023-12-23,2024-06-19
364526cd-6207-4e04-8c65-4061c02157a2,Overnight,2024-04-01,2023-12-12
e287a7ef-ea0a-4781-b8bd-29a84f73b72a,Overnight,2023-11-23,2023-11-23
54722380-7570-481f-9a9b-351f961cfea0,Standard,2023-11-21,2024-05-17
21b78c90-e2af-49e3-bcbc-3655d9429db0,Overnight,2024-10-05,2024-05-24
6fca123c-3559-4877-9bfc-99315be5524a,Overnight,2024-10-01,2024-09-19
f92a9504-cec3-48ed-a4da-e46318ade6db,Overnight,2024-03-25,2024-01-15
94eecd4d-a694-4d73-a359-9fa83a16c656,Standard,2024-03-05,2024-06-16
d6b3d203-d333-4409-a566-67704c554e6c,Express,2024-04-28,2024-07-26
f16c430d-c025-41f5-910e-74d3fd065efb,Standard,2024-02-26,2024-04-12
e3b88a39-48c8-4366-9864-43d331689d64,Standard,2024-09-14,2024-09-29
1884a889-e10c-4835-84f1-661a7c4a489f,Standard,2024-09-18,2024-05-24
7ab9caba-5bf1-468f-b1ec-fab9e83070a8,Overnight,2024-09-18,2024-05-29
05b45558-7209-4d65-a2a2-503a5e99408f,Express,2024-03-21,2024-09-05
7174e1db-eade-4284-ad8a-8ed52bb76d11,Express,2024-07-17,2024-02-11
cfe1e1af-3b2b-4d8b-9911-283bea0f1039,Express,2024-05-22,2024-04-05
5f67ca67-7bbe-48ce-9be1-617a5d8942f3,Standard,2023-11-03,2023-12-17
3d93560a-2863-4c87-b825-336c489b76a3,Standard,2024-02-08,2024-09-20
9cdc7d2e-2352-44c2-b8b7-4949156aa50e,Overnight,2024-03-03,2023-12-27
f444d265-6020-4edd-998e-8ae8e216dbec,Express,2023-12-26,2024-10-19
00db1bd4-db6e-4dd3-b1f9-1f5d57031a42,Overnight,2024-06-26,2024-10-14
ab2d64cb-f35c-4b1d-a69f-5958c741926e,Overnight,2023-12-08,2024-02-25
bf675f2f-c09e-45ef-b063-48dd436d44b8,Overnight,2023-12-12,2023-11-20
d84213e5-899f-4179-981a-2bacee71737f,Express,2024-03-20,2024-04-13
94c2de54-9f99-423e-b76a-c271868b2398,Standard,2024-03-29,2024-02-13
703d1ffa-8932-4599-afb3-5e38102bf01c,Express,2024-07-11,2024-06-24
2ef618f2-a4a0-4dc0-93dc-f1aa255d41cd,Express,2024-01-18,2024-03-16
6c9d48f6-8004-4040-a885-84792e367cb8,Overnight,2023-10-29,2024-07-23
61ddacd2-3d29-46d1-833b-d8c16a7636bb,Standard,2024-10-14,2024-06-27
19e7540e-fb39-41d0-a040-98de6560aff1,Overnight,2024-06-15,2024-04-10
401053b2-3ef9-410c-a628-48dc1b6f17a5,Overnight,2024-10-23,2024-07-28
e4af0e05-754d-4afa-bed2-fa08a6d1cc3c,Standard,2023-12-19,2024-05-30
df56860e-e744-4c03-8387-62227eea54b3,Standard,2024-07-19,2024-01-02
688de4d2-9602-4ddc-b11e-34ed0883bbff,Express,2023-12-30,2024-04-09
01cfa6be-9a23-41bf-96a9-01d6de575730,Overnight,2024-08-15,2024-06-15
492f1053-a68c-4f6c-8bfd-430ce6c97765,Overnight,2023-12-13,2024-05-31
3268406a-901d-4936-8f32-793cbc3eff04,Express,2024-08-24,2023-11-02
b191c5ec-fd09-4bea-9c5c-b51374576990,Express,2024-03-12,2024-04-10
dd9d2a59-c8fa-40c6-9ecc-7c31e6d5bf3c,Express,2023-11-04,2024-06-25
54820df5-946f-43e6-ba6d-3e49b2af9e4f,Standard,2024-01-21,2023-12-12
c6861572-44f6-4681-8edd-1876e8c9e7fc,Overnight,2024-09-12,2024-03-27
545fb806-1e7b-4885-913f-d6ecce0b4fd1,Overnight,2024-01-31,2024-02-11
2668b5b0-dbb8-4a46-878d-86da0784a35e,Overnight,2024-07-30,2024-04-01
53298b0a-1321-4419-8b34-30cd415c355d,Overnight,2024-03-02,2024-03-07
de6c3b37-a537-4759-987a-75dcbc39f7ae,Overnight,2024-04-09,2024-06-13
19883015-3979-4e13-b2be-e7e467a4eb85,Express,2024-01-28,2023-11-21
dbb7a0b5-15e6-4d54-97e4-8da49261f70d,Standard,2024-10-13,2023-11-29
3f812978-e47e-4fe5-99c6-99429069db9b,Standard,2024-06-02,2024-08-17
86364611-3a2f-4bed-bc03-9b1a73ddf026,Express,2024-10-12,2024-04-14
d6a4dbe3-200f-439e-91b9-93965a8eaf90,Standard,2024-01-03,2024-07-02
b9470e6c-81e8-44a1-bf9a-281f4a79acc7,Overnight,2024-05-31,2024-05-18
d9cd8f14-88e8-4c2b-91f8-b01edef22ba1,Overnight,2024-09-17,2023-10-27
74b37fd4-6c09-40f1-9ad9-983c6ef47f62,Express,2024-05-10,2024-05-31
2682f5da-da75-4994-bb28-94bfc580fb84,Overnight,2024-04-14,2024-04-02
f94a25c9-e9cb-441a-96e4-fc78a3f654f9,Standard,2024-08-05,2024-06-10
482ecf5a-c698-4ed9-93b1-790366391dcc,Standard,2024-06-11,2024-07-11
6a11d269-74bd-40e5-8283-14666044fd85,Overnight,2023-10-31,2024-05-05
cb8d7645-fb70-414e-a167-06cfec8de796,Overnight,2023-12-05,2023-12-06
c404ffa6-c929-47fd-ad42-f72ad9473180,Overnight,2024-08-28,2023-12-12
ab3ed148-a96d-413f-9f2a-3eaab7dab7ce,Overnight,2024-10-08,2023-11-12
8bf1d709-8422-46e8-a877-b38c6e952ee8,Standard,2024-01-23,2024-03-15
bac130f2-15f6-418a-a19f-e7fae59c5778,Express,2023-11-03,2023-12-30
d1fb269d-6b7a-41e6-acf7-17515abdd55d,Express,2024-01-04,2024-08-23
50bdb85e-f6b9-40b0-b151-7179a215579a,Express,2023-11-21,2023-10-30
2a32f953-b0dc-48e6-9498-671c045d97c5,Overnight,2024-06-06,2024-04-05
de4092af-5b0e-4f22-9bb0-478a6fa899d2,Standard,2024-07-16,2024-06-14
bc7e236c-f062-4547-b8c1-3b86bae01e10,Standard,2024-08-28,2023-11-16
21c0dbad-9a77-465e-8385-48df4d4e8543,Express,2024-10-03,2024-10-22
84c44551-325d-4580-a323-77ad38e8306e,Standard,2024-02-17,2024-03-08
394f615e-e6c8-4173-adba-d5a4c3ccd1e4,Standard,2024-05-28,2024-08-12
c57763ca-7d59-4010-b254-ae759f9d3768,Standard,2024-04-13,2024-05-06
f4725d77-76d4-4a0b-b048-472acc580fed,Standard,2024-02-09,2023-11-09
5222a96a-648d-49fb-837d-3dec29d0b89b,Express,2024-03-27,2024-09-11
3993fbe5-3e85-4e8f-bfb8-3be6cc7bde32,Standard,2024-04-09,2024-04-29
a7778f88-60fb-41af-82c3-e034c41d692a,Standard,2024-08-04,2024-10-12
e99aeb88-debf-4140-ba89-0b1c68d1027c,Express,2023-12-11,2024-08-05
dbb7a0b5-15e6-4d54-97e4-8da49261f70d,Standard,2024-05-02,2024-03-14
8c58b8b1-c59c-45f0-81b7-72d7b3498c1b,Overnight,2024-04-11,2023-11-24
1a9a92a1-1d91-4640-92bc-1dc44d8d40ab,Standard,2024-09-21,2024-05-14
714a4675-fbe0-4a99-9e55-227c92933c93,Standard,2024-08-22,2024-04-20
f8b2c5f5-876f-4971-b151-dcf7ffeb8eea,Overnight,2024-01-25,2024-06-28
f378c0e0-9d61-4e1f-9ea8-9000ca54bf21,Overnight,2024-09-01,2024-01-30
a7778f88-60fb-41af-82c3-e034c41d692a,Express,2024-04-10,2024-08-14
53ba1aa8-29f7-4558-ad95-29d9d439cf15,Express,2024-06-30,2024-10-13
daf51bca-85c1-4534-8d0e-900c962dbb4f,Express,2024-08-31,2024-03-29
a28083d2-b00c-4e9b-9603-1c170cce72d3,Standard,2024-06-17,2024-07-05
054c799d-f651-4aef-914f-c4e5c40aea1d,Overnight,2023-11-29,2024-04-02
1f10c047-0a81-4425-a3e2-c64797a01f1a,Standard,2024-08-26,2024-08-29
6404c7e0-f51a-4c53-93ff-5f91ac912aa8,Express,2024-06-04,2024-09-10
8838b7cf-5fe0-4b69-9def-0edf3fe2858d,Overnight,2023-12-05,2024-07-10
19ec77a3-c49b-425f-b8ea-675cd7e75726,Express,2024-03-25,2024-07-09
e31463c3-8b27-4426-8995-8139da06545f,Express,2024-03-09,2024-03-04
ce5743db-304c-4c74-8fe5-b1a57562dd45,Standard,2023-11-03,2024-02-10
facb3e7d-b595-484c-bb0a-ec3831946836,Overnight,2024-08-16,2024-05-29
fa3c258a-53da-484b-9166-d92f24ac2a08,Standard,2024-06-06,2024-03-01
aaaef569-8983-4b09-b033-33b92dbbc6e3,Express,2024-02-03,2024-07-03
24e376e2-b9ce-4304-b848-59287e11bd21,Overnight,2024-07-24,2023-11-29
1e6407c7-f257-47b4-a3f6-04a1b8a78779,Standard,2024-07-22,2024-07-31
ce762a17-8ab6-49ed-8085-5813fdd1569d,Standard,2024-02-14,2024-02-20
a5d249e7-b46a-4080-b4c0-f61765b356f1,Express,2023-11-29,2024-06-28
f9edd48f-95f4-4091-9e47-155c521aa425,Overnight,2024-10-05,2024-06-21
556f3fac-0159-4073-9006-6e05185eb3ee,Express,2024-05-06,2024-10-06
9ab4a2c1-98a6-43b7-94d8-8418d3633334,Overnight,2024-08-23,2024-08-08
56022c21-7f6d-4a33-aeb2-82f1844d406a,Overnight,2024-06-11,2024-05-30
d1756eed-7cd3-4ee9-b2e1-cc009f1532c9,Express,2023-12-16,2024-03-29
7f632923-1123-4320-88be-c17b7f40dfb2,Express,2024-07-27,2024-01-17
13ee92c4-bf14-4a55-8af2-4f496fbab0b9,Overnight,2024-08-30,2024-07-05
19a2ac29-4279-41e5-8c7e-b7de189087ad,Standard,2023-10-31,2024-06-17
54722380-7570-481f-9a9b-351f961cfea0,Express,2024-05-09,2023-11-24
2c1a5e78-b13f-420b-8f22-213eb9662638,Standard,2024-07-14,2024-08-20
05b45558-7209-4d65-a2a2-503a5e99408f,Overnight,2024-08-14,2024-06-15
5f9e73ff-03a1-4845-9d14-e1a846de3ae9,Express,2024-06-06,2024-01-18
636da22d-a812-4d7a-bf3b-8726cfc16a88,Express,2024-09-27,2024-02-26
79098636-aec9-4a41-a7c0-80bf87c596a2,Standard,2023-11-18,2024-02-11
de7fd356-72cc-449c-83a8-1ce0bdefe432,Express,2024-04-26,2024-01-15
c327449a-7202-402e-a25d-26b8e37e613b,Express,2024-01-07,2023-11-08
8e834cf4-6ba6-4be9-84e7-65f789fd44eb,Overnight,2024-09-25,2024-01-27
05b8bb8c-69db-41da-9eb8-9cc59d39468a,Overnight,2023-12-16,2023-11-22
7d6932c1-1ba3-4ca1-82a4-0f17c8175467,Express,2024-05-18,2023-12-03
9b9fa4c4-1117-423d-8640-48d5ef5c2bb0,Express,2024-05-06,2024-05-29
19883015-3979-4e13-b2be-e7e467a4eb85,Standard,2024-09-27,2024-06-20
9df3932c-781b-4d03-bd1e-fd913c28a36a,Express,2024-04-07,2024-03-04
ef81dc17-5453-4ed8-b492-88448afebfea,Express,2024-06-19,2024-04-21
3adbc270-596b-4265-8662-e61d1c6bbf50,Overnight,2023-11-14,2023-10-28
cf84f438-7c3b-4a38-a998-b5b032a02d20,Overnight,2024-09-14,2024-06-13
ef100de9-205c-4989-b845-8117765a27cf,Express,2024-02-03,2024-05-25
482ecf5a-c698-4ed9-93b1-790366391dcc,Express,2023-11-03,2024-07-14
2b3535de-8bc6-4037-b62a-1aa33c33b679,Express,2024-08-27,2024-01-24
3ca1b4e7-9f73-4e85-99da-8b886dee83a8,Overnight,2024-08-28,2023-11-30
6d4bdda4-bf52-4672-9d4c-802801b7391b,Overnight,2024-05-23,2024-02-18
d44007b5-2bda-49e7-aeeb-d51c17ec3f1e,Overnight,2024-05-16,2024-01-10
9f60f4f0-a424-4d47-abd3-c7f94d4bfe6f,Express,2023-11-20,2024-08-26
b31dfbf3-3870-4ff3-8905-70ee3a20a291,Overnight,2024-10-20,2024-09-16
fad57238-9dd0-4eba-8ae7-792de1a8bc80,Express,2023-12-02,2024-07-04
abc34380-370e-45cb-808f-027032e4cfe5,Standard,2024-08-19,2024-05-25
82bd3bf4-8ba4-49cc-b67d-d542a2ea2974,Standard,2024-06-11,2024-01-01
3298a1b7-8a55-4383-b7a4-8aaa7aa49832,Express,2024-05-01,2024-08-12
9a7b8b81-a601-419a-a92b-7a7074b37a05,Express,2024-10-23,2024-08-07
a5d249e7-b46a-4080-b4c0-f61765b356f1,Express,2024-02-03,2024-06-04
327f8fc0-b975-44cb-8860-5667df3d8f9b,Overnight,2024-04-16,2024-06-20
35ede215-727f-48a1-a155-906a932057db,Standard,2023-11-18,2024-05-30
ec73ce01-9ab7-444d-99b8-57068e1e207e,Standard,2023-12-14,2024-03-25
8333ae80-8226-449f-94ea-8d1cb2808c8e,Overnight,2024-06-09,2024-03-19
5663001a-5e20-49bf-9c24-d8f4071ed2f7,Express,2024-04-23,2023-12-14
89c96efc-514b-47f7-982a-3e6a5a0c36b0,Standard,2024-07-03,2024-01-13
f05d37c5-0a45-4bcf-9227-72ce7ae27e37,Express,2024-03-13,2024-07-23
df1f324d-bd5e-4864-a1a3-bbb298d2f058,Express,2024-02-13,2024-07-26
f379d968-85b2-4837-8e1d-5a3b1e06e4c2,Express,2024-06-02,2024-09-20
fa6da09f-92a4-4762-a2b0-b7e7c1b1a915,Standard,2024-05-01,2024-10-11
b993ea58-0590-44aa-a1d2-544283769245,Standard,2024-03-07,2024-10-10
0d02d4f8-3ca0-452b-b310-b6ccee14c835,Standard,2024-10-04,2024-08-27
3298a1b7-8a55-4383-b7a4-8aaa7aa49832,Express,2024-07-18,2024-01-30
a542fd47-0f4f-4ee7-a107-b5f948c23caf,Standard,2024-01-02,2024-05-24
6acff74b-02eb-4891-8f3e-2dfd3eff3b0f,Express,2024-07-29,2024-06-09
4578850f-d26d-48d0-9ed0-f2e414d42e1e,Express,2024-02-14,2024-06-29
40ed5bf2-91c7-4c6d-aa92-53ae59793513,Overnight,2024-08-10,2024-08-18
df7ac0ac-fa21-4c70-ac7b-52981fe981e6,Overnight,2024-08-02,2023-11-26
aafee9fa-ae56-4302-95a2-cf736570472c,Standard,2024-04-19,2024-10-13
3f812978-e47e-4fe5-99c6-99429069db9b,Standard,2024-04-06,2023-12-19
771d251b-6a5c-4563-8928-bcb5b1f0c4fe,Standard,2024-03-02,2024-03-07
b1c0d437-4c9e-42d4-8f77-ec54a123bda0,Express,2024-01-02,2024-09-05
2a32f953-b0dc-48e6-9498-671c045d97c5,Express,2024-06-19,2024-03-04
0ea57d40-6cdd-4639-9340-2c02d1bc0850,Express,2024-03-13,2024-09-14
d440526b-39b4-465b-ace3-a470f9e79c52,Standard,2024-02-25,2023-11-26
013997ed-2697-4b73-8637-ae8c4e02f789,Standard,2024-08-01,2023-12-28
ec73ce01-9ab7-444d-99b8-57068e1e207e,Express,2024-01-14,2024-10-03
8454a6eb-02ac-4890-b2bd-6b025922b02c,Overnight,2024-05-14,2024-09-06
d44567ce-398b-4912-88dd-6e44cefeb72c,Overnight,2024-05-23,2024-03-09
33060cc1-6ec1-4f7d-a8aa-ada91caaf21e,Overnight,2024-03-02,2024-08-08
47d3a46c-dc62-41a6-b6f9-877d1820679d,Standard,2024-08-19,2024-04-30
ee271872-2481-42f8-b0b7-ff965aa4d503,Standard,2024-03-03,2024-06-29
ec73ce01-9ab7-444d-99b8-57068e1e207e,Express,2023-11-24,2024-07-29
bc7e236c-f062-4547-b8c1-3b86bae01e10,Express,2024-10-08,2024-05-21
8e0ab427-5231-4dc3-ba44-5b7409367fc1,Standard,2024-08-10,2023-12-19
2b29919e-41fc-44c1-bdd3-b74f2aa5a97c,Express,2023-11-22,2024-08-25
a8535846-c84f-4cce-988b-5d21b4fa9846,Standard,2024-10-05,2024-01-10
8bb6a3d3-e9c9-4cad-b012-f425c237d92b,Express,2023-10-29,2024-07-13
2d4c626f-3269-460d-a2fb-5719e922fd5c,Standard,2024-08-21,2024-09-18
24f9a5a5-48b6-40e4-8e4b-b1ff83c41a61,Express,2024-08-23,2024-08-12
ad6db5eb-cf92-4193-b511-1e824b09ce09,Overnight,2024-02-23,2023-12-18
2dbdbe4d-6403-42c6-a196-8c9e4c5a71ae,Standard,2024-01-19,2024-09-26
1f6c3947-3e21-4122-933e-c8196b421d17,Overnight,2024-05-25,2024-03-01
a0e1d2f0-f18d-440f-80d8-de10ea29ec55,Overnight,2024-06-30,2024-09-09
259643ba-a255-4e9b-a064-f521728cedb8,Standard,2024-03-10,2023-10-30
2461cbb3-dff7-45b3-99f5-d7aedbf9229a,Standard,2024-01-19,2024-02-03
1e9b07a0-4fd6-4d60-923f-ec08bf2309ec,Standard,2024-07-28,2024-07-19
bbf151fb-9059-4b9b-899e-ae4e47a0bb4a,Express,2024-07-17,2024-02-04
e287a7ef-ea0a-4781-b8bd-29a84f73b72a,Overnight,2024-01-25,2024-03-13
dea6819f-294a-4f65-8f5e-7e9567bf8007,Standard,2024-09-25,2024-07-14
d44007b5-2bda-49e7-aeeb-d51c17ec3f1e,Standard,2023-12-11,2024-08-02
3c33fa6e-9a38-45d9-a69c-de6d67e2b71a,Standard,2024-03-15,2023-11-25
1e6407c7-f257-47b4-a3f6-04a1b8a78779,Standard,2024-06-26,2024-03-05
5c84cda5-6836-4bf4-af6a-6b35fdae82e9,Express,2024-09-19,2023-12-25
01cfa6be-9a23-41bf-96a9-01d6de575730,Standard,2024-09-15,2024-08-26
bc064a83-0089-4332-a721-a1f0bf33c156,Overnight,2023-12-18,2024-09-07
f3b9516f-4196-40b0-8a11-56a731622696,Standard,2023-10-28,2024-08-02
ce0c0368-1261-4dc7-9da0-6c68f19e734d,Overnight,2023-11-15,2024-04-12
0aedab8a-039d-4ad6-a73a-d172c6116672,Overnight,2024-03-04,2024-04-19
7991f6f2-3b86-4222-bee2-3270e6f4c581,Standard,2023-11-21,2024-08-08
e03701a2-855c-4bf9-a6e9-3cc46293bb6e,Express,2023-11-23,2024-03-27
327f8fc0-b975-44cb-8860-5667df3d8f9b,Standard,2024-09-02,2024-08-10
d1734661-3d31-4bca-82f3-bdba62033e70,Express,2024-08-27,2024-08-03
cbbadabb-28d5-4d2a-907e-9a146155f6ce,Overnight,2023-12-05,2024-05-09
2f2294a6-4b1b-43a3-a4ee-d185e42d679b,Express,2024-07-05,2023-11-02
da130f73-bb26-4356-9f36-fdef8b8139fd,Standard,2023-11-19,2024-10-06
4c8e7b8c-4a6f-4b85-aeea-33c75747743d,Express,2024-06-18,2024-08-24
d86d2087-c73b-48d6-8e1e-93641d8d2afe,Overnight,2023-12-30,2024-06-07
9a055793-1122-4183-bc7e-6cad6e807820,Overnight,2024-01-31,2024-08-23
394f615e-e6c8-4173-adba-d5a4c3ccd1e4,Standard,2024-09-02,2024-08-12
62a088fa-78f5-436a-857a-b61cae45bdcd,Express,2024-06-10,2024-02-24
57574289-a80e-4c03-9b21-8cc24e170ad1,Overnight,2024-01-15,2024-05-25
2e558f98-f305-443e-adc5-11a99b6eca76,Express,2024-10-03,2024-03-25
ae3fec3a-2726-42a3-8f9f-a4e051031da1,Overnight,2024-03-24,2024-07-23
8b886652-ff71-4968-b7e9-4c8ecda9689e,Overnight,2023-11-18,2024-06-24
907b4c18-d618-4f83-9fd6-e161d087ae9f,Overnight,2024-02-02,2024-03-08
b1cb0d30-1f90-4608-87b7-b6885eaafd92,Overnight,2024-06-04,2023-12-02
51f09bbe-e1d5-482c-b1a2-1bb74002d160,Standard,2024-03-24,2024-04-08
9223c6e4-d6ae-4b99-8e3d-4788e7049157,Standard,2023-12-03,2024-07-20
26d0d088-9148-49fb-8fdb-2bcda9fdf529,Overnight,2024-05-12,2024-06-11
28003435-86fd-46ed-acd7-ba7dd7dad9c6,Standard,2023-10-28,2024-03-27
54dfb3b2-84d6-49dc-bacf-092ea785aafe,Express,2024-02-17,2024-03-11
7730a6dd-597a-41f0-a38a-710956fa2576,Overnight,2024-10-09,2024-01-09
29b5caf4-bfcf-4d54-abac-8a0a39d868cc,Overnight,2024-09-21,2024-08-02
81f756b1-7c67-49db-90b2-7f74ebaf8ab5,Standard,2024-02-12,2023-12-07
8efd0b29-d5ba-4f23-812a-178341fea45f,Overnight,2024-07-14,2024-07-25
d9ed080b-62a6-4e04-9fb7-d53e035898a1,Express,2024-06-05,2024-09-22
dc428acf-41bd-4009-bb14-4db2a2e6f331,Standard,2023-10-26,2023-11-02
43c0b296-1de7-4b2d-9700-c5ed56fd7f52,Standard,2024-01-12,2024-05-02
eb9b45d4-2d0d-42f1-97ee-c01918805078,Standard,2024-01-27,2024-08-09
5cd691d0-ce1f-4480-bf65-2e97c8618b42,Express,2024-04-16,2023-12-21
e7cfbb9b-a9e3-4e5f-a48f-3cfa314571b3,Standard,2023-12-05,2024-10-21
e6937b65-0bb5-42aa-87e1-e04e710c0d45,Standard,2024-04-01,2024-07-19
f6dcde32-c9d8-4e6b-8d2c-ae550bab57b0,Express,2023-10-29,2024-02-23
b51efbb0-74d5-4cc2-85b5-791ba34edc5f,Standard,2024-01-23,2024-08-16
7cfcfde7-4cb5-4b2b-a773-f60e75593ad9,Express,2023-10-29,2024-06-08
088a7c31-8619-45b5-a55f-31fbc6895e3e,Overnight,2024-09-03,2024-06-05
ff04d883-2775-4280-a482-56cf1739dc81,Standard,2023-12-09,2024-08-16
e40af92e-47cf-4806-ab6c-d774469c8467,Standard,2024-04-09,2023-12-05
ec73ce01-9ab7-444d-99b8-57068e1e207e,Standard,2024-01-07,2024-09-09
96d15170-0eac-4857-9148-cfb92c58341d,Express,2024-01-18,2024-03-12
d290f6a0-dfb4-42a1-8f4b-e18e866b9097,Express,2024-03-14,2024-02-02
fadf3dc5-2124-486b-9417-b9b14cb397f3,Standard,2024-01-21,2024-06-23
367103dc-cba4-4ffb-be85-f620349460ac,Express,2024-08-28,2023-12-24
703a7bc0-731c-4703-aa39-91c657497ddd,Standard,2023-11-16,2024-09-08
d9bfbd4c-5cef-4cd7-9fa2-8180c1a492fe,Standard,2024-06-28,2024-10-22
a561426d-5c85-4ed9-a943-2c9b42e03529,Overnight,2024-01-04,2024-04-01
54b9a7b4-8ef4-4218-ab47-246bcc45e620,Standard,2024-07-31,2024-08-14
d62f5340-6a0c-44dc-b5ad-5a4becc03a49,Standard,2024-03-16,2023-12-19
be8fcb6c-87d7-4c94-bb60-4f976a8257cd,Standard,2024-08-02,2024-03-23
73ee188d-2bea-4422-a8bf-058d39c4dda1,Standard,2024-02-06,2024-02-26
380a10ea-00cd-48c6-b54e-1a0e749daa83,Express,2024-01-17,2024-04-10
19106626-f1c2-44c2-9717-7eee149edb5b,Overnight,2023-12-11,2024-06-28
4138484d-e1af-4736-a2d8-17e12ad29448,Standard,2024-05-21,2023-11-26
d983c377-abe2-4d87-a792-790d4d881d2a,Overnight,2023-11-06,2024-10-11
c59211d3-5dca-4fa5-b1e6-d335efabe529,Express,2024-02-07,2024-06-26
a2ad72a3-4d12-44bd-879e-ac38ee2206de,Standard,2024-03-26,2023-12-31
c16f4ccb-eeca-4a66-9d7e-895abc517bfc,Standard,2023-11-22,2024-06-13
290e3356-85df-410a-a8f4-83950ef0e779,Express,2024-09-14,2024-07-27
cd1e0a03-4229-4da1-a6e0-a335c6755d23,Overnight,2024-09-29,2024-01-15
16104235-40ce-4d00-9549-2df0df582d0b,Overnight,2024-02-04,2023-12-09
6aed205c-495d-441a-b79f-c0d78d347dbc,Standard,2024-07-26,2024-10-13
332aae29-c6df-43e8-90a9-23a691dd103c,Overnight,2024-08-08,2023-10-31
1404ffce-5efc-4f42-b41f-e5397e873b58,Standard,2024-01-31,2024-08-01
d768aad0-7746-4720-8ae3-aa8bbc95032f,Express,2024-03-30,2024-06-26
44e04500-99c4-4ce7-b9cc-5af3d2550d8d,Express,2023-10-31,2024-09-03
3d782aed-a258-4e68-8136-5c3fa9a237b3,Express,2024-07-13,2023-12-01
5cd691d0-ce1f-4480-bf65-2e97c8618b42,Overnight,2024-03-06,2023-12-09
ceabb2ad-5e93-41e4-9c04-8c5d34e838a6,Express,2023-12-21,2024-08-06
4cc8be67-76b3-45a0-9010-6dc13fc1bbb9,Express,2023-11-25,2023-11-03
a2b59028-81d5-48a1-9cd9-5fb70e935482,Overnight,2023-11-25,2024-10-07
b12cd011-1e15-4f4b-9274-2abf6c24382c,Overnight,2024-07-08,2024-04-23
56022c21-7f6d-4a33-aeb2-82f1844d406a,Overnight,2024-09-30,2024-02-24
c2a593ca-a787-4919-a92d-829aa2cf3cfd,Standard,2024-10-06,2024-10-21
ada938de-437f-498e-9410-34a8d62cf16e,Overnight,2024-08-20,2024-01-27
5cbaafaa-bae9-4621-bbd7-7ca00b8c393a,Express,2024-04-16,2024-03-02
10069169-cd96-4d0e-ab41-c5b3273c35df,Express,2023-11-01,2024-02-06
327f8fc0-b975-44cb-8860-5667df3d8f9b,Standard,2024-10-24,2024-01-16
0962a9f5-5eec-4e52-831d-e07a23bb8478,Standard,2024-06-10,2024-05-20
b94ba13a-f14d-4fa2-b39f-0b72475ad956,Standard,2024-09-10,2024-05-25
a4823dc8-420a-4fe4-a5a7-82670261cf04,Standard,2023-10-29,2023-11-10
0c79b0f9-726a-4672-b6ed-4a4788c6fc8c,Overnight,2024-06-22,2024-03-29
e417b613-9ed1-457c-9cf0-a8b5659cef05,Overnight,2023-11-15,2023-11-07
ca631665-7a43-4c6b-8667-4ab4aec6e697,Standard,2024-06-14,2024-02-29
fd92d67c-18a2-460b-b974-8248bf72d04b,Express,2024-10-15,2024-04-22
09e539ae-3306-4524-aa7a-f9064d928a63,Overnight,2024-05-21,2024-07-29
2682f5da-da75-4994-bb28-94bfc580fb84,Overnight,2024-01-05,2023-11-28
194f0625-8f0e-45cd-b53e-e9de2b122baf,Overnight,2024-02-09,2024-10-01
f3f6b012-bf5a-4a5e-855f-a5f317990af0,Standard,2024-09-23,2023-12-06
596f19cd-d902-43f3-852e-d575f9aadccf,Standard,2024-07-31,2024-05-10
27269eb4-68ee-4adb-8074-cadeb125af1b,Overnight,2024-09-03,2024-07-26
50bdb85e-f6b9-40b0-b151-7179a215579a,Overnight,2024-05-27,2024-04-21
51b8ff17-84e8-4a8f-b491-4b71846f20cc,Express,2024-01-14,2024-05-26
9d26dbcc-2324-4766-8694-c23ff6eb1309,Express,2024-08-07,2024-09-04
17f2d47f-c366-4b97-8424-ff5d90dd1cdf,Express,2024-05-11,2024-07-08
da6ce72d-4058-4038-8763-92de861726f3,Standard,2024-10-06,2023-12-29
191fb8d5-398d-4357-a6b5-86d3edabebcd,Overnight,2024-08-25,2023-12-05
07f29de6-d45c-47e4-8e35-2451b55adbab,Express,2024-01-11,2024-01-11
ef100de9-205c-4989-b845-8117765a27cf,Overnight,2023-10-27,2024-01-08
6254edfa-1ba8-4f79-b054-bd001fbf197b,Standard,2023-11-18,2024-10-05
0990568a-9b57-475a-a8d1-8b454f5a316c,Express,2023-12-08,2024-01-16
cbbadabb-28d5-4d2a-907e-9a146155f6ce,Standard,2024-02-13,2024-01-22
8219479b-8997-4a6f-8973-e3dca14b7641,Express,2024-10-15,2024-06-17
4f7c642f-621f-432e-9862-a1d080397a83,Standard,2024-05-23,2023-11-13
39ab7d48-a037-4ad0-b46a-5f3fa6a63065,Overnight,2024-08-14,2024-08-25
9634a28d-fb07-4b3a-88c0-1a87a13b10ba,Express,2024-07-10,2024-06-17
eb0e084b-f1d6-4f1c-984b-48d4d1f1366f,Standard,2024-10-25,2024-02-07
7ab9caba-5bf1-468f-b1ec-fab9e83070a8,Express,2024-09-02,2024-06-03
8454a6eb-02ac-4890-b2bd-6b025922b02c,Express,2024-01-23,2024-03-04
be8fcb6c-87d7-4c94-bb60-4f976a8257cd,Standard,2024-10-13,2024-07-25
f444d265-6020-4edd-998e-8ae8e216dbec,Express,2024-01-17,2023-11-24
cbbadabb-28d5-4d2a-907e-9a146155f6ce,Express,2024-05-21,2024-03-07
67d94623-c4b2-4b9e-a6c4-c3c69f72eba3,Overnight,2024-04-19,2024-02-04
3508b276-a9dd-4400-afd6-0c5a9130bbfd,Standard,2024-09-06,2024-08-07
e417b613-9ed1-457c-9cf0-a8b5659cef05,Standard,2023-10-29,2024-08-03
58e9ae06-85cf-4508-a76f-39822da77d5d,Express,2024-06-06,2024-02-06
a561426d-5c85-4ed9-a943-2c9b42e03529,Overnight,2024-09-12,2024-10-16
bf5f7fb5-a51c-48aa-8dd5-68f53f29ef37,Express,2023-12-28,2024-05-19
95e694aa-9b2a-4280-aa44-71eafd056fec,Standard,2024-09-10,2024-09-12
fad80e37-9458-43eb-b540-6cc63583d55b,Express,2024-06-22,2024-05-08
e2d452bf-366d-4ebe-98b5-1db4e6bc8aa0,Standard,2024-08-25,2023-11-04
de3a44da-947f-4eed-820f-2a1df8addfab,Overnight,2024-07-12,2024-05-09
53038286-cb6b-4de3-bed2-f2126380f9ed,Standard,2024-02-23,2023-12-25
3fadc5d4-c7e5-4fb7-809b-cee6149b8333,Standard,2024-06-18,2024-08-02
4f6c039e-248a-4e81-8f34-cf670ef27b07,Express,2024-02-20,2024-02-28
a303d25d-e78c-4966-bd51-cce8f7a7b3ae,Express,2024-09-09,2024-07-09
842b3339-3084-4b74-9cb3-64001bded25d,Overnight,2024-08-17,2024-02-10
cae36286-b1ed-4c54-aa9f-0bbc4761cc7b,Overnight,2024-06-04,2024-10-12
5b0c50ba-cbd8-4b92-9ba7-6f2917ffc492,Express,2024-09-29,2024-07-28
a74872cf-762f-417e-8e94-20facca2d99c,Overnight,2024-07-27,2023-11-26
7306c143-7783-46c4-a29e-3a45986da340,Overnight,2024-02-24,2024-06-27
0bb17458-1179-44e1-bcf9-dbdda5bee353,Express,2023-11-05,2024-01-28
d745345d-8526-4408-abb6-4d46905daf14,Standard,2024-07-08,2024-07-24
d6a4dbe3-200f-439e-91b9-93965a8eaf90,Overnight,2024-06-30,2023-12-21
176318ee-153f-4d0d-ad75-f8bed210b94b,Express,2023-12-13,2024-07-25
dbba7434-2af9-4376-8fdd-76fcca55893c,Standard,2024-05-29,2023-11-30
5ea885e5-bd4b-414a-bcec-cfc98482e349,Overnight,2024-07-22,2024-09-07
a32f6e67-d705-45b8-85ee-949e39f5b04b,Overnight,2024-01-23,2024-01-27
8cf4082e-fcf9-4287-b244-5cc249bad2cc,Overnight,2024-06-04,2024-07-21
facb3e7d-b595-484c-bb0a-ec3831946836,Overnight,2024-04-11,2024-06-09
95e694aa-9b2a-4280-aa44-71eafd056fec,Express,2024-09-13,2024-07-19
5c84cda5-6836-4bf4-af6a-6b35fdae82e9,Express,2023-12-16,2024-06-09
8d7b848d-cfa8-424e-81cf-e17ad422df2c,Standard,2024-08-02,2023-11-11
d543103b-9926-4f3c-a988-82dab8ed16ea,Standard,2024-01-04,2024-05-06
99b98c64-4a79-4c5a-ac5f-f7e884045f2f,Overnight,2024-05-30,2024-04-29
3dfaa7ec-8e63-4206-97c0-3543e781d208,Standard,2024-07-31,2024-05-06
32fabae1-413c-4d29-92eb-a7a866b23d4c,Standard,2024-09-17,2023-11-19
5cd691d0-ce1f-4480-bf65-2e97c8618b42,Standard,2024-03-03,2024-05-08
c877224a-b5ba-4332-b015-a878b182b4fd,Express,2024-02-25,2023-12-28
a42e4c89-ccf8-48ed-be37-a49d4c241596,Express,2024-03-02,2024-08-26
b1cb0d30-1f90-4608-87b7-b6885eaafd92,Express,2024-01-10,2024-04-27
0dd17ef4-45c6-4b92-9eb8-cc8dd2ecf4ff,Standard,2024-06-25,2023-12-01
55ad544e-db64-473c-9f05-402420d53e28,Overnight,2024-08-28,2024-08-31
bf675f2f-c09e-45ef-b063-48dd436d44b8,Express,2024-09-18,2024-03-23
01867043-4c9e-4526-aaf6-57e0a66bf1c3,Overnight,2024-02-24,2024-09-03
f93e90ee-42ac-4672-9830-81dcb8f6fc74,Overnight,2024-09-07,2024-01-14
19e7540e-fb39-41d0-a040-98de6560aff1,Overnight,2024-04-17,2024-07-14
19883015-3979-4e13-b2be-e7e467a4eb85,Express,2024-09-26,2024-04-17
401053b2-3ef9-410c-a628-48dc1b6f17a5,Standard,2024-04-12,2024-08-31
721c8f98-7d48-48e3-96ec-4e840d439a2f,Express,2024-07-06,2024-07-01
086bc9f7-2b67-4d87-bce7-8251099e574b,Overnight,2024-09-21,2024-05-11
fdca1b76-366e-4d2c-9dfc-0840455e1de7,Standard,2024-04-26,2024-05-08
44e04500-99c4-4ce7-b9cc-5af3d2550d8d,Standard,2024-08-29,2024-06-27
b31dfbf3-3870-4ff3-8905-70ee3a20a291,Overnight,2024-04-10,2024-05-13
12e7a2fb-0f88-4ded-8840-297f58b0e085,Express,2024-06-30,2024-06-02
8bf1d709-8422-46e8-a877-b38c6e952ee8,Standard,2023-11-21,2024-05-20
e8b712f8-0112-481e-8d82-b50a4e805499,Express,2024-02-25,2023-11-10
1f10c047-0a81-4425-a3e2-c64797a01f1a,Express,2024-03-15,2024-05-26
54820df5-946f-43e6-ba6d-3e49b2af9e4f,Standard,2024-08-06,2024-05-20
3ba60de2-9fb4-4fa0-8649-70c529e08c78,Express,2024-01-30,2023-11-21
7b44e7ee-8e0f-4559-bdfa-d08a7931b2a0,Overnight,2024-04-02,2024-03-20
4a490a62-0e84-4211-92f7-a82f26c6a1c8,Express,2024-04-19,2024-10-25
5efc9880-a350-4fa1-a5f0-7ee2e7490ec9,Overnight,2023-12-17,2024-09-03
e1901912-455c-4dad-8eb3-bf1bddec82ac,Express,2024-09-28,2023-11-29
f378c0e0-9d61-4e1f-9ea8-9000ca54bf21,Overnight,2024-09-26,2024-03-26
29525659-2fe4-41b8-beac-0f7996293449,Standard,2023-11-11,2024-07-05
d8e918c6-222b-4e3a-bba4-49c8f41d7bd9,Overnight,2023-12-23,2024-08-24
19883015-3979-4e13-b2be-e7e467a4eb85,Standard,2024-09-21,2024-04-09
d33d68b0-f732-4583-bc49-8c53cbcb989b,Overnight,2023-12-07,2024-09-29
baf679e7-e5d2-47bc-bdd2-85955d617610,Overnight,2024-10-02,2024-10-07
fadf3dc5-2124-486b-9417-b9b14cb397f3,Standard,2024-10-05,2024-07-19
1dca2c45-6c92-4229-87b9-e53df7a65258,Express,2024-09-24,2024-10-18
1b83e4bb-73c5-4412-914f-3b95fc5209dd,Overnight,2024-08-28,2024-08-09
efdb7d8a-8baa-4eee-99f3-d753f9966dac,Overnight,2024-07-22,2023-12-15
01cdf862-3ed8-4914-9183-1cfbe456bc37,Express,2024-08-22,2024-06-12
81152193-fbda-4e22-8a36-115cb3db7d61,Express,2024-03-03,2024-02-11
b51efbb0-74d5-4cc2-85b5-791ba34edc5f,Overnight,2024-06-15,2024-02-15
27269eb4-68ee-4adb-8074-cadeb125af1b,Overnight,2023-12-13,2024-03-25
a6a0c46d-9da9-446f-8abd-8a41a7068e87,Express,2024-04-23,2023-12-06
d193928a-d7af-44a6-b28d-e16c5f36d0e8,Express,2024-08-13,2023-12-11
1326cf1c-4b39-4d09-89ca-e26f62e5b41f,Standard,2023-12-29,2024-04-16
1420d91d-252c-40db-8459-9936ff8576de,Overnight,2024-05-07,2024-09-24
4c0cc035-769b-40fd-ac9d-651883a5559f,Standard,2024-09-17,2023-12-27
eaab40c6-8fc8-4643-8f16-49e2e4d5b1b5,Standard,2023-12-16,2024-01-10
7af699bf-3542-4138-bd16-f720001bbd20,Overnight,2024-09-29,2023-12-12
df5419b4-f2a9-4a44-9977-c69c325fc920,Express,2024-03-04,2024-06-26
8d33d101-eace-4f80-b979-454613185481,Standard,2024-09-07,2023-12-18
364526cd-6207-4e04-8c65-4061c02157a2,Express,2024-09-22,2024-09-11
1ebcd54a-c1db-4e92-8188-bb652d963f4d,Standard,2024-08-20,2023-12-11
aa17d565-9377-4cfd-9310-ed3283bddf32,Standard,2023-11-03,2024-02-27
5acb6adf-b101-4225-a0ba-fa367f4bb3de,Express,2024-05-01,2024-03-09
9b9fa4c4-1117-423d-8640-48d5ef5c2bb0,Express,2024-10-04,2024-06-03
815a55c8-2890-4e8b-b40c-00f98d5ec003,Express,2023-12-04,2023-11-17
51f09bbe-e1d5-482c-b1a2-1bb74002d160,Standard,2023-11-07,2024-07-20
bfbe1678-fad8-42c6-a9ac-7a4e70216495,Standard,2024-09-22,2024-05-15
43a709ec-4692-4501-949f-0d66446742dc,Express,2024-07-01,2023-12-11
85d4b2aa-01c2-4d4c-a0ec-85bb2edfd340,Standard,2024-10-08,2024-10-06
c29546df-012c-4da8-9242-ae6a5b34ce6a,Express,2024-08-24,2023-12-06
eb22ce1a-7dad-4334-bb07-025520dc5b78,Standard,2024-09-12,2024-10-21
7efc7cd8-4b71-48f9-a74c-a02c8913f516,Express,2024-05-08,2024-08-27
6ff0f2c1-f7c6-4b8a-ba08-4d42bd329ba0,Overnight,2024-03-02,2024-01-31
44e04500-99c4-4ce7-b9cc-5af3d2550d8d,Express,2024-01-19,2024-10-04
9c53d29e-866e-4881-8367-95be486b3cfb,Overnight,2024-03-12,2024-05-21
0dcda2f0-853b-45f2-9a2a-c1f01c5e04e3,Express,2023-12-18,2024-04-23
a04c7ba4-9a83-4f00-80ea-91fc2d7d9377,Standard,2024-02-23,2024-10-21
d3ffcd4a-ddac-48f5-bc9b-776451e24c75,Overnight,2024-04-25,2023-11-19
787625b2-9758-4736-a01e-984fb61e6da9,Overnight,2024-09-05,2024-10-25
cfc8f5a4-d78c-416a-aaef-246905934baf,Overnight,2024-03-03,2024-01-23
da6ce72d-4058-4038-8763-92de861726f3,Express,2024-07-19,2024-07-08
1da642d4-bf70-4997-aa74-8c78d47e1f8e,Overnight,2024-02-21,2024-07-16
c327449a-7202-402e-a25d-26b8e37e613b,Express,2024-06-06,2024-04-04
adba0b01-1efe-49f9-aa5a-e044815b8882,Express,2024-06-25,2024-08-02
fa3c258a-53da-484b-9166-d92f24ac2a08,Overnight,2024-09-30,2024-04-18
00d51292-5c4c-4c8b-85b2-50d001adc590,Standard,2024-03-29,2023-11-18
423e732b-bf2b-40b6-84aa-42c6fb035745,Express,2024-07-26,2024-05-19
d2d93d22-7b37-45b5-af71-78008a130b72,Overnight,2024-09-19,2024-09-03
47be8c53-c05e-42da-a678-9a4afc2b2fac,Express,2024-01-27,2024-07-11
a547f72d-d48e-4930-93a7-e7389a756a2d,Overnight,2024-03-29,2024-04-18
b227e0e1-c8d6-42e7-b509-c812cf1b2409,Express,2024-04-19,2024-03-27
9e4397d8-30c3-4a85-a0ce-08422af8cc52,Express,2024-01-17,2024-07-07
2f3d19cc-0164-48d9-aafc-d8361cb759ff,Overnight,2023-11-26,2023-12-02
daf51bca-85c1-4534-8d0e-900c962dbb4f,Express,2024-04-25,2024-02-11
d440526b-39b4-465b-ace3-a470f9e79c52,Express,2024-08-30,2024-03-03
b23dddc4-7aed-4ccf-b5c5-ace63449a942,Overnight,2024-02-18,2024-01-18
ee7fb8fd-4c1b-4db4-b39d-88081559501b,Express,2024-07-22,2023-12-16
dc428acf-41bd-4009-bb14-4db2a2e6f331,Overnight,2024-04-23,2024-01-25
1c7bf303-9a91-4a29-a257-16cd26f6f868,Standard,2024-01-14,2024-06-25
9634a28d-fb07-4b3a-88c0-1a87a13b10ba,Overnight,2024-04-28,2024-04-30
013997ed-2697-4b73-8637-ae8c4e02f789,Overnight,2024-10-07,2023-11-30
91fa9cb3-4fab-4251-8e49-8e456ae472fc,Express,2024-04-27,2023-12-02
d1fb269d-6b7a-41e6-acf7-17515abdd55d,Standard,2024-10-25,2024-10-10
81c119ed-c3c1-457b-8133-090a1239d529,Overnight,2024-05-09,2023-12-19
bffaf2ea-43ed-4483-9b51-dfc919e77e44,Standard,2024-05-06,2024-02-12
b9c53ecd-f957-4f32-aab0-8f5695a67949,Standard,2024-03-23,2024-03-01
0605f91a-0ce1-4f76-8c6b-d2f944e226db,Overnight,2024-06-22,2024-01-03
7631c3e5-42b3-4bf9-be6f-79f539fe3d06,Express,2024-05-28,2024-10-09
29b2a1af-3f73-4504-809b-9c3eb8231a46,Express,2023-11-14,2024-04-26
7d42b8cb-1743-4b9d-8a76-6e095a47118c,Overnight,2023-11-19,2024-07-29
febe80eb-ca5e-4b00-8dfb-87c772af5edd,Standard,2023-11-20,2024-10-11
8bb6a3d3-e9c9-4cad-b012-f425c237d92b,Express,2024-01-13,2024-07-26
7047cdbf-e9bc-46de-8bae-c86fb7ac06e0,Express,2023-11-06,2024-04-17
aeaea880-aafa-4bbd-a452-f5e6bd098c01,Overnight,2023-10-28,2024-05-21
0896d2ce-0a76-4c11-a4b6-dc5caeb70dc3,Standard,2024-08-18,2024-05-02
b426ecf3-4f99-45fa-bfb9-5eff62b132c1,Express,2024-10-11,2024-05-12
187fcf3e-402f-4bbf-b25b-ced4ac8b4b6f,Overnight,2024-09-10,2024-03-18
57574289-a80e-4c03-9b21-8cc24e170ad1,Express,2023-11-20,2024-08-17
8a596ff4-50ce-46f6-9afa-e8de0c57e836,Express,2024-04-03,2024-08-30
b9f2d5b5-47ae-4f8d-9e17-1f54e0687db4,Overnight,2024-07-18,2024-02-12
4c636a3a-3305-4f02-b129-c9779d1aeba2,Overnight,2024-01-14,2024-03-27
ef100de9-205c-4989-b845-8117765a27cf,Overnight,2024-06-27,2023-12-09
381c3537-392c-4853-87b3-e59785587ae4,Overnight,2024-09-12,2024-07-09
21c0dbad-9a77-465e-8385-48df4d4e8543,Express,2024-02-26,2024-07-19
297b605b-4365-4d2a-8325-0de490423847,Overnight,2024-06-16,2023-10-31
c57763ca-7d59-4010-b254-ae759f9d3768,Standard,2024-05-09,2024-01-24
5ba51863-0c15-4311-98fd-df5cf3bd2235,Express,2024-01-06,2024-01-15
435ebf3f-1f92-49a6-b107-e2080079e3ca,Express,2024-03-29,2024-03-04
77132bfc-1e55-425c-8474-47971cef26d8,Standard,2024-05-07,2024-08-22
7a168f3c-4e3c-4e68-96cf-a9d4b419cc86,Standard,2024-08-21,2024-08-19
521f605f-4850-4bed-a0ab-025ab279460e,Overnight,2024-09-22,2024-05-09
5c84cda5-6836-4bf4-af6a-6b35fdae82e9,Standard,2024-04-20,2024-01-01
afa8bfe1-a575-4e66-9b32-638f91e998b1,Standard,2024-01-13,2023-11-16
ee1acc59-3146-428e-864f-fea34db8d4f7,Standard,2023-11-11,2023-11-24
84c44551-325d-4580-a323-77ad38e8306e,Overnight,2024-09-20,2024-06-03
4c636a3a-3305-4f02-b129-c9779d1aeba2,Express,2023-12-23,2024-10-10
6fca123c-3559-4877-9bfc-99315be5524a,Express,2024-02-23,2024-02-10
3914d3ee-e6b5-43fd-bc95-3461f95d4796,Overnight,2024-02-20,2024-02-02
05a2a0e2-9d1f-4b07-b9aa-edffe016111f,Overnight,2024-06-09,2024-04-03
cebffd04-f187-4e0b-b4c8-88b1d1982fdf,Express,2024-02-24,2023-12-12
12e7a2fb-0f88-4ded-8840-297f58b0e085,Express,2024-09-12,2024-07-12
3df4c4c2-816b-4d00-be42-98f8ddbe3bf6,Standard,2024-04-02,2023-12-15
0896d2ce-0a76-4c11-a4b6-dc5caeb70dc3,Overnight,2023-11-07,2024-04-19
a4f239e8-e2b7-471b-bf67-54b5606a7a3d,Overnight,2024-07-22,2024-10-07
9223c6e4-d6ae-4b99-8e3d-4788e7049157,Overnight,2024-04-05,2024-07-15
5cb8a0c4-ec85-46f3-bd05-e96561ce5c7b,Express,2024-10-04,2024-04-07
924aefd3-2753-49e0-9719-6a6612bb3bef,Standard,2024-08-24,2024-10-08
bb5362f5-9b3c-468a-8a47-e448e9c3d6b5,Express,2023-12-02,2024-04-28
8fef2346-64ed-4e31-8229-351363b11378,Overnight,2024-03-05,2024-04-23
e99aeb88-debf-4140-ba89-0b1c68d1027c,Express,2024-09-12,2023-11-10
49d75b6e-100f-41a5-9534-fbf2af76394f,Overnight,2023-10-31,2024-09-24
be5e99ab-41f8-4dad-abf2-b26581e75d18,Overnight,2024-04-20,2024-07-26
33070bf8-3fbf-44d4-afe9-700f17208cb5,Overnight,2024-08-29,2024-01-16
7174e1db-eade-4284-ad8a-8ed52bb76d11,Overnight,2023-11-19,2023-12-29
a9b1011e-f457-4a93-8fa5-f62feadc9110,Overnight,2023-11-24,2023-11-01
c9c8e47c-2af4-4b3b-a753-509e91a528f2,Standard,2024-10-14,2024-09-28
636da22d-a812-4d7a-bf3b-8726cfc16a88,Express,2024-04-17,2023-12-09
00db1bd4-db6e-4dd3-b1f9-1f5d57031a42,Standard,2024-08-20,2023-12-29
036e4e2b-9cea-4461-8450-f97374970b5a,Standard,2024-08-25,2024-05-06
2f3d19cc-0164-48d9-aafc-d8361cb759ff,Express,2023-12-10,2024-08-08
e2d674de-2225-4acc-b09e-09a564c9f9d6,Overnight,2024-01-06,2023-11-19
f379d968-85b2-4837-8e1d-5a3b1e06e4c2,Overnight,2024-03-04,2023-12-29
d44567ce-398b-4912-88dd-6e44cefeb72c,Standard,2024-10-03,2024-04-29
fa26354e-ca75-46cd-a8da-e4d32e9ad336,Express,2023-12-08,2024-02-24
0de06b96-817b-45be-92dd-dab3ab392df3,Express,2024-04-06,2024-08-21
6b27a05c-cf71-4a45-92e6-6d0aa1433f99,Overnight,2024-02-10,2023-11-02
d33d68b0-f732-4583-bc49-8c53cbcb989b,Overnight,2023-12-14,2024-05-20
42de68bd-befd-4b36-b328-bee2ec0e2d92,Overnight,2023-11-11,2023-11-09
721c8f98-7d48-48e3-96ec-4e840d439a2f,Overnight,2024-01-06,2024-10-20
3884394c-081c-4477-9bae-7711e0e02129,Express,2023-11-07,2023-11-13
daf51bca-85c1-4534-8d0e-900c962dbb4f,Standard,2024-05-14,2023-11-27
1c56d54d-ff59-4dd8-ab9c-62137f7868c8,Express,2024-03-21,2024-10-14
f05d37c5-0a45-4bcf-9227-72ce7ae27e37,Overnight,2023-12-11,2024-01-31
94deeba3-bb8c-49f3-a899-2537e21692a8,Overnight,2024-07-03,2024-09-04
3a8a92a5-2241-47a3-a9d8-2d1663f74422,Overnight,2023-11-29,2024-08-07
5183bd37-49cf-4983-86ca-471ef73a5a21,Standard,2024-08-12,2024-06-24
a8e9574b-fd9c-4d6c-8637-564354d1350d,Overnight,2024-01-26,2023-12-13
f7a4da97-8229-4eab-ae54-ea3ac321f153,Express,2023-12-01,2024-02-20
7d42b8cb-1743-4b9d-8a76-6e095a47118c,Express,2024-10-13,2024-07-25
38102f85-679b-4119-a4e6-e10c2ae0a3a1,Overnight,2024-04-17,2024-01-05
a6f581be-8d5d-40f6-a20f-9d5fde158572,Overnight,2024-05-15,2024-07-04
aa17d565-9377-4cfd-9310-ed3283bddf32,Standard,2023-12-13,2024-05-22
426fa46c-f38d-4207-8746-0ab90dbf876d,Express,2024-06-16,2024-07-11
546979bc-285e-400e-95e5-7fc66297db1e,Standard,2024-03-25,2024-04-09
8333ae80-8226-449f-94ea-8d1cb2808c8e,Express,2024-07-26,2024-02-13
1cf0f572-1f84-4504-ab54-8571204911d6,Standard,2024-10-25,2024-05-06
4fcbf7c9-7dbb-49b1-82bb-771c61d87591,Overnight,2024-09-22,2023-12-15
b5d317c4-eff9-48d4-8546-2f15bb98c83b,Standard,2023-12-01,2024-03-12
a561426d-5c85-4ed9-a943-2c9b42e03529,Express,2024-03-27,2024-03-21
d9bfbd4c-5cef-4cd7-9fa2-8180c1a492fe,Overnight,2024-01-10,2024-07-22
c2eb6140-8b4a-45b3-bda5-784bc89e79d4,Overnight,2024-09-19,2024-09-09
b284b29f-ec13-4380-9a78-ea84e89d20ec,Express,2024-03-16,2024-03-25
81961915-5253-4908-8eb6-c8c8c41524f4,Express,2024-07-22,2023-12-20
482e936e-6056-4af5-acd5-2d55528fb48d,Standard,2024-05-04,2024-01-03
fad80e37-9458-43eb-b540-6cc63583d55b,Overnight,2024-03-10,2024-08-14
33070bf8-3fbf-44d4-afe9-700f17208cb5,Express,2024-10-20,2024-03-18
6018376b-f1b2-4337-bba2-f6a40d0388d1,Express,2024-07-11,2024-03-14
8d4cc31a-79cb-46bb-bf31-a800e894c9dd,Express,2024-09-13,2024-01-31
0de06b96-817b-45be-92dd-dab3ab392df3,Standard,2024-01-13,2024-06-15
44c4a151-3b81-4e8f-9f72-44f678448d11,Express,2024-07-13,2024-02-24
99ef2a93-471b-49a1-bfb4-6adca10d1270,Express,2024-04-16,2024-03-26
8703b988-d963-424d-913d-0ef998654eee,Standard,2024-05-19,2024-09-22
3da982b1-9933-4c48-ad8b-5e9ce9c52b46,Overnight,2024-07-26,2024-01-25
907b4c18-d618-4f83-9fd6-e161d087ae9f,Overnight,2024-08-28,2024-01-22
df7ac0ac-fa21-4c70-ac7b-52981fe981e6,Standard,2023-11-28,2024-01-25
8782e209-e198-42db-8eaa-5de9739193a4,Express,2024-03-09,2024-05-14
2dbdbe4d-6403-42c6-a196-8c9e4c5a71ae,Overnight,2024-05-20,2023-11-16
fd92d67c-18a2-460b-b974-8248bf72d04b,Express,2024-08-31,2024-03-05
ec079087-8c2c-485b-9e5c-555b99e6e5e5,Overnight,2024-01-21,2024-09-28
fd108709-4eff-49a6-bd80-12cbef799708,Standard,2024-05-22,2024-01-24
5acb6adf-b101-4225-a0ba-fa367f4bb3de,Overnight,2024-04-18,2024-07-20
b8d347b6-71d9-4972-9139-fee8d585fb44,Express,2024-09-23,2024-03-28
e970580c-0edd-47c0-9d25-ccbcdbd52f38,Express,2024-05-21,2024-02-22
d99d2db1-018f-4254-9c82-f7550dbf66ba,Express,2024-03-08,2024-09-21
eb10e06d-e516-4db2-bd6b-1e0cc4bb6e69,Overnight,2024-10-07,2024-04-24
fe1241e1-522d-4f9c-9a35-7ae27607b6e0,Overnight,2024-10-07,2023-12-27
8f942f42-10d1-48bb-8b75-c58831571cb4,Standard,2024-08-03,2024-07-06
cbbadabb-28d5-4d2a-907e-9a146155f6ce,Express,2024-07-28,2024-07-09
2b104440-dffb-4e14-bcea-31eac5e6aef2,Express,2024-09-28,2024-06-07
380a10ea-00cd-48c6-b54e-1a0e749daa83,Standard,2024-10-07,2024-09-03
91c50ad1-11a0-45c9-9638-1e45d7f2d519,Overnight,2024-09-22,2024-04-18
b12cd011-1e15-4f4b-9274-2abf6c24382c,Express,2024-08-05,2024-03-06
51edc04e-4e62-400b-adf7-1ea3b8d0c697,Express,2023-11-20,2024-06-04
a542fd47-0f4f-4ee7-a107-b5f948c23caf,Overnight,2024-09-23,2024-04-20
19cc8ded-a9f5-4454-a81c-d692b48c81b8,Express,2024-04-17,2024-02-12
26d0d088-9148-49fb-8fdb-2bcda9fdf529,Standard,2023-11-18,2024-01-01
787cdc74-bb06-4ff0-9e33-af98e8345019,Standard,2024-10-16,2024-02-23
5bbe2526-fb60-47a8-8288-f687a578570e,Standard,2024-04-06,2023-12-05
5cbaafaa-bae9-4621-bbd7-7ca00b8c393a,Express,2024-07-17,2024-07-28
98265751-b199-42cd-812b-2b1ac89040f7,Express,2023-10-26,2024-05-24
c5516a89-2632-4e25-9041-b13f35c16836,Express,2024-05-03,2024-04-08
3fadc5d4-c7e5-4fb7-809b-cee6149b8333,Standard,2023-11-22,2024-04-25
b944de55-0bc0-40b6-ab66-385d681da337,Standard,2024-05-29,2024-02-16
ee1acc59-3146-428e-864f-fea34db8d4f7,Express,2024-10-05,2024-02-22
c280914d-d6ee-46e7-b388-5dae0a43063a,Express,2024-03-05,2024-05-12
492f1053-a68c-4f6c-8bfd-430ce6c97765,Express,2024-05-12,2024-09-09
a56212dd-f125-4e46-9990-0af21c9152c2,Standard,2024-02-10,2024-10-22
8b8df897-bb05-4fa7-bc63-7ec5ab9cbcaa,Express,2024-04-19,2024-08-28
fd108709-4eff-49a6-bd80-12cbef799708,Standard,2024-03-11,2023-12-22
69ffa996-8ea5-48a8-b964-1b3fb2595389,Overnight,2024-06-29,2023-12-20
7c72a2ec-19d1-4c5b-842b-d7f59d0b771e,Standard,2024-05-13,2024-06-09
757d6e8f-ad7d-4c89-8836-f3e2d12189ed,Overnight,2024-03-26,2024-02-28
01867043-4c9e-4526-aaf6-57e0a66bf1c3,Express,2024-01-11,2023-11-16
ae46241d-1be9-42f6-bcc3-74c4697555e1,Express,2024-08-11,2024-03-20
f69b39d0-040d-481e-8abe-724dc443c3eb,Express,2024-09-03,2024-04-09
cb6ad160-4ba0-459c-a42a-f019cf4c3d57,Overnight,2024-06-01,2024-06-23
3b416acb-b431-4b4b-8b46-6556969e5225,Overnight,2023-12-04,2023-12-30
fa3c258a-53da-484b-9166-d92f24ac2a08,Express,2023-11-17,2024-03-03
81c119ed-c3c1-457b-8133-090a1239d529,Standard,2023-10-31,2024-04-11
377f5283-a3e7-419e-94d5-fa3dec01dffe,Overnight,2023-10-27,2024-04-05
00db1bd4-db6e-4dd3-b1f9-1f5d57031a42,Express,2024-06-03,2024-03-19
3d32f837-9a45-45d3-940a-f6ff91f8da1a,Standard,2024-01-11,2023-11-13
713e2f39-18a0-4d57-a36e-f8280b320f21,Standard,2024-01-16,2023-11-16
8fef2346-64ed-4e31-8229-351363b11378,Express,2024-03-13,2024-10-23
2a0cab91-8105-4015-aa9e-2c8f5f261b2b,Express,2024-05-17,2024-03-07
5ffeaab4-4128-4d22-b090-7989c4db747a,Express,2024-03-10,2024-10-10
32958412-c729-4f00-919a-ebd2606a89d5,Express,2024-03-16,2024-09-03
b4ddb294-7116-456e-a893-57628208cf2d,Standard,2024-09-07,2024-03-26
40bad8e7-e8ae-475c-b8e3-34374b3c08de,Express,2024-01-17,2024-01-19
daf51bca-85c1-4534-8d0e-900c962dbb4f,Overnight,2024-06-26,2024-10-19
e74429ab-094b-46a4-896e-f4137dbfc320,Express,2023-12-12,2024-05-26
23095d3c-c9c6-4bcb-bb51-e88015e56f75,Overnight,2024-02-18,2024-01-26
3d93560a-2863-4c87-b825-336c489b76a3,Overnight,2023-12-25,2024-02-21
c5516a89-2632-4e25-9041-b13f35c16836,Standard,2024-01-21,2023-12-09
eb6cf7aa-137b-4402-aea5-9c67743d3018,Express,2024-05-08,2024-07-30
787cdc74-bb06-4ff0-9e33-af98e8345019,Express,2023-12-15,2024-03-16
a32f6e67-d705-45b8-85ee-949e39f5b04b,Express,2024-02-10,2024-03-17
59eaf097-9c0a-485a-ba39-9395948ff5c3,Overnight,2024-05-13,2024-03-15
a04c7ba4-9a83-4f00-80ea-91fc2d7d9377,Overnight,2024-04-01,2023-12-31
a73a7b8c-794e-4977-b63d-c98d97c0aeb7,Standard,2023-10-30,2023-11-04
4bd2e29e-0582-4e0f-ad6a-f21569618e3a,Overnight,2023-11-16,2024-08-18
deac0f21-b5b2-4066-b748-a5a57240ba0b,Express,2024-09-15,2024-07-31
e621331c-0f4d-4187-9df9-d38f95600b55,Standard,2023-11-23,2024-01-18
e8a47636-d4de-4cc7-8144-ed426dbf6dbd,Express,2024-06-06,2024-10-16
86165f1d-ba70-4ed4-b59e-fe6fb0cc5f85,Express,2024-10-15,2024-03-02
f3f6b012-bf5a-4a5e-855f-a5f317990af0,Standard,2024-10-02,2024-09-23
57574289-a80e-4c03-9b21-8cc24e170ad1,Overnight,2023-10-26,2024-01-17
9c65b7d9-e198-47e6-a54c-63bd10a5cc61,Overnight,2024-03-20,2024-09-28
86210a75-03a4-45fd-9013-3f7dd1060d6a,Standard,2024-03-14,2024-01-18
0976e2dc-00ed-4fd0-b218-cdf907fb2817,Overnight,2024-08-05,2024-04-12
398d2cbd-c791-45d4-aa04-1eb57a7ad77d,Overnight,2024-10-03,2024-07-28
355155c8-6e5b-4846-b774-e568397c3551,Overnight,2024-05-22,2024-09-17
2dbdbe4d-6403-42c6-a196-8c9e4c5a71ae,Overnight,2024-03-14,2024-01-25
435ebf3f-1f92-49a6-b107-e2080079e3ca,Express,2024-02-17,2023-10-27
2f45f1d4-2cbf-4044-bc18-0de503268feb,Overnight,2023-11-17,2024-05-28
401053b2-3ef9-410c-a628-48dc1b6f17a5,Standard,2024-05-30,2024-09-25
9e96a391-e30d-4e20-b304-acf89f3944e6,Express,2023-11-26,2023-11-12
68f4b9a7-4695-4e6d-b451-60d906f15f6e,Standard,2023-12-18,2024-05-17
f4725d77-76d4-4a0b-b048-472acc580fed,Overnight,2024-08-20,2024-02-16
b55ff01e-8d03-4f22-b50f-36a20cedec28,Express,2024-04-19,2024-01-27
a6f20716-1c57-4cf7-9f06-cd9a6018faa9,Standard,2024-03-11,2024-02-05
df5419b4-f2a9-4a44-9977-c69c325fc920,Overnight,2024-04-04,2024-05-17
9cdc7d2e-2352-44c2-b8b7-4949156aa50e,Overnight,2024-05-31,2023-11-11
3d32f837-9a45-45d3-940a-f6ff91f8da1a,Express,2024-07-12,2024-02-11
3993fbe5-3e85-4e8f-bfb8-3be6cc7bde32,Overnight,2024-02-17,2023-12-19
b1e82587-2afd-4ec3-822a-d079255f9e4a,Overnight,2024-07-16,2024-09-01
e46e82d6-2ef8-47be-8720-92c5fd646276,Overnight,2024-09-21,2024-06-14
8db8c5f3-7944-4088-abb1-0cf2b2f5538d,Overnight,2024-10-24,2023-11-02
a923fa8d-7ce4-46a9-a977-9516e61d092f,Standard,2024-05-03,2024-08-13
66cde195-db7f-44ac-b3e0-9a3acbf0bc90,Standard,2024-07-13,2023-10-26
317c6b9a-fade-4a33-a5a4-20706aa22b25,Standard,2023-12-07,2024-05-02
5756c53f-e337-4998-ae25-19334f9f9dfe,Overnight,2024-10-16,2024-05-16
572f851f-a97a-40a9-953a-9f0caa18ece2,Express,2024-04-25,2024-01-25
876f5ac5-1955-46f5-afff-7dd2b4dc18d6,Standard,2023-11-16,2024-04-20
2ba8748f-8df6-42b4-a13f-c6e988f52ae5,Standard,2023-11-22,2023-11-17
2c1a5e78-b13f-420b-8f22-213eb9662638,Standard,2024-08-10,2024-01-13
49d75b6e-100f-41a5-9534-fbf2af76394f,Express,2024-03-19,2024-09-28
e73051f3-e2bb-4a20-8b0f-d9140d4d0f37,Overnight,2024-07-09,2024-02-17
43a709ec-4692-4501-949f-0d66446742dc,Standard,2024-03-13,2024-10-06
461bc826-55a5-4bc5-97ee-6c9227e857a5,Express,2024-03-25,2024-07-01
a8535846-c84f-4cce-988b-5d21b4fa9846,Express,2024-09-25,2024-03-20
67d94623-c4b2-4b9e-a6c4-c3c69f72eba3,Express,2024-07-01,2024-04-09
9c1bf4d7-03e2-4300-8852-3baaf015eef2,Express,2024-07-07,2024-07-08
6f3b886a-a55b-495b-a539-123892e89023,Express,2024-02-11,2024-05-22
bc064a83-0089-4332-a721-a1f0bf33c156,Express,2024-03-21,2024-03-22
0605f91a-0ce1-4f76-8c6b-d2f944e226db,Overnight,2024-08-04,2024-06-04
5e3963ca-2f01-415b-86fa-fb611496c173,Standard,2024-03-19,2024-02-23
75f165cd-0846-4a54-95da-5e71b16b8f9d,Overnight,2024-10-14,2024-04-07
013997ed-2697-4b73-8637-ae8c4e02f789,Express,2024-01-27,2024-04-10
b47db376-418f-47cf-8180-77352f67242d,Standard,2024-05-29,2024-03-22
bb275171-3845-4993-92cf-216d2d6d1119,Standard,2024-05-29,2024-02-10
9dca0bb9-28b4-4dd8-bfb8-ed0a8e5ebe5e,Overnight,2023-12-18,2024-09-16
48dbe40a-f1c6-4cfc-b2fa-aeb043d727fb,Standard,2024-05-23,2024-05-25
4f3beddc-edb4-49e6-8d44-99dcbf2dd640,Standard,2024-02-24,2024-08-09
f01f5b78-41ec-44d9-a319-c4abe83f38a8,Overnight,2023-12-02,2023-11-20
d44007b5-2bda-49e7-aeeb-d51c17ec3f1e,Standard,2024-10-12,2024-06-23
3914d3ee-e6b5-43fd-bc95-3461f95d4796,Overnight,2023-11-15,2024-08-07
f03e462b-32f3-4381-9aa9-9fdae437a9b7,Standard,2024-01-29,2024-04-18
3e9ae786-ce71-4a46-9c2b-dc36ca4bc9c8,Overnight,2023-12-02,2023-11-17
4b029432-0ef7-4e39-805c-0297e3aea25c,Overnight,2024-06-06,2023-12-21
c390c5ad-ce06-4aa8-88d1-1dc4a5f0df41,Standard,2024-06-24,2024-08-17
68564d40-3bcc-44e1-856f-42433dcd4633,Overnight,2024-10-15,2024-01-14
0605f91a-0ce1-4f76-8c6b-d2f944e226db,Standard,2024-07-09,2024-04-20
ac8b44f5-0a17-42b8-8542-e30b62d21f2f,Standard,2024-04-12,2024-04-06
abc34380-370e-45cb-808f-027032e4cfe5,Overnight,2024-09-16,2024-03-12
e8a47636-d4de-4cc7-8144-ed426dbf6dbd,Overnight,2024-05-30,2024-06-24
8c58b8b1-c59c-45f0-81b7-72d7b3498c1b,Express,2024-06-02,2024-06-20
1da642d4-bf70-4997-aa74-8c78d47e1f8e,Overnight,2024-09-19,2024-08-02
4020c755-f30e-490d-925f-7c7e89bf32c0,Standard,2023-12-17,2024-02-24
85d4b2aa-01c2-4d4c-a0ec-85bb2edfd340,Express,2024-02-21,2024-08-17
b132b8ff-4c45-4b5b-b9f7-e3acdc64fdef,Standard,2024-07-02,2024-04-25
adba0b01-1efe-49f9-aa5a-e044815b8882,Standard,2024-04-29,2024-04-30
58e9ae06-85cf-4508-a76f-39822da77d5d,Express,2024-03-22,2024-10-02
61567abc-a463-4b45-a7d5-7bfda5740579,Overnight,2024-07-27,2024-02-13
a667e799-fea5-409a-a522-a1ac5d0d6e9e,Overnight,2024-02-24,2023-12-26
cf84f438-7c3b-4a38-a998-b5b032a02d20,Standard,2024-02-26,2024-09-04
8246641c-acbe-415b-bbb8-7d8993619757,Express,2024-05-15,2023-11-27
ded8c71e-aaa9-429e-b086-2b5d1d1c5674,Express,2024-06-21,2024-06-15
3df4c4c2-816b-4d00-be42-98f8ddbe3bf6,Overnight,2024-08-22,2024-03-03
9df3932c-781b-4d03-bd1e-fd913c28a36a,Express,2024-10-10,2024-06-08
da130f73-bb26-4356-9f36-fdef8b8139fd,Standard,2024-08-01,2024-01-31
fa98c4d3-bb14-42d7-821c-12d1cf2b782e,Express,2024-04-30,2024-04-08
7568028e-f9b5-4c5b-8070-db8c3bf99c52,Standard,2024-10-13,2024-09-13
04ebbff7-3ef3-4a4a-8e26-a6cd88b2473c,Express,2024-06-02,2024-01-30
533e09a2-972f-4a5c-89ca-fb3dc15eb8b1,Express,2024-01-19,2024-08-27
10080a93-a13d-466d-ba9e-33586771187b,Overnight,2023-12-01,2024-04-07
2a0cab91-8105-4015-aa9e-2c8f5f261b2b,Overnight,2024-10-11,2024-06-04
df56860e-e744-4c03-8387-62227eea54b3,Express,2024-08-12,2024-04-08
7ef64b83-ef93-4d30-a946-3347c278a25a,Overnight,2024-05-29,2024-02-27
7cfcfde7-4cb5-4b2b-a773-f60e75593ad9,Express,2024-10-14,2024-03-24
962ee0ec-1e43-4313-b464-7667eda3c576,Express,2024-04-07,2024-05-01
228138a8-ec29-4ff4-b5f5-a87f9042ef6e,Express,2024-05-02,2024-06-22
0fc4aaf6-0e50-4e79-8e28-cf2cd3b37162,Overnight,2024-09-18,2023-12-28
09a8ccf6-5b25-4de9-bd83-1653216648bd,Standard,2024-02-24,2023-11-06
04ebbff7-3ef3-4a4a-8e26-a6cd88b2473c,Overnight,2023-12-22,2024-08-01
721c8f98-7d48-48e3-96ec-4e840d439a2f,Overnight,2024-02-28,2024-08-29
7cfcfde7-4cb5-4b2b-a773-f60e75593ad9,Standard,2024-01-09,2023-12-23
c91da3c1-a013-4c91-b16e-d91dac21be84,Standard,2024-06-29,2024-01-13
9fc3e8eb-6780-419a-acc7-2973a944047e,Overnight,2024-08-07,2024-01-26
5cd6789e-c091-45c1-a5f9-bf6348c37d31,Express,2023-12-18,2023-12-29
99ef2a93-471b-49a1-bfb4-6adca10d1270,Overnight,2024-06-22,2024-05-19
81c119ed-c3c1-457b-8133-090a1239d529,Standard,2024-07-27,2024-04-19
0ff2237c-0bce-488b-909c-9649f542e667,Overnight,2024-09-30,2024-06-13
49a73dbc-8e27-45f1-a79e-e6e1d2f856ed,Standard,2024-01-22,2024-02-09
0dd17ef4-45c6-4b92-9eb8-cc8dd2ecf4ff,Express,2023-11-23,2024-09-16
dea6819f-294a-4f65-8f5e-7e9567bf8007,Standard,2024-10-12,2024-01-01
492f1053-a68c-4f6c-8bfd-430ce6c97765,Express,2023-12-15,2023-11-16
cbbadabb-28d5-4d2a-907e-9a146155f6ce,Overnight,2024-03-30,2024-01-23
a2803381-dc19-4e3b-a95a-9be93d122596,Express,2024-08-28,2023-12-27
4d6af34b-1c8e-4b63-a701-dfab30b98a02,Express,2024-03-15,2023-12-24
09b6f895-d9aa-4de4-833d-cfc0535192df,Overnight,2024-01-27,2024-02-20
ded8c71e-aaa9-429e-b086-2b5d1d1c5674,Express,2023-12-24,2024-01-02
8bf1d709-8422-46e8-a877-b38c6e952ee8,Express,2024-01-24,2024-01-01
2f45f1d4-2cbf-4044-bc18-0de503268feb,Express,2024-08-16,2024-07-01
e95afda2-1357-4f97-89d1-a7144f397afb,Standard,2023-11-18,2023-10-26
a42e4c89-ccf8-48ed-be37-a49d4c241596,Standard,2024-09-10,2024-05-11
86b6c18d-0db9-4b0a-986c-0d38e1d0f94f,Overnight,2024-02-09,2024-06-10
1881d4c0-4c22-419c-91ea-4f7fb8f15b27,Overnight,2023-12-22,2024-06-10
e2d674de-2225-4acc-b09e-09a564c9f9d6,Express,2024-05-02,2024-09-15
6b27a05c-cf71-4a45-92e6-6d0aa1433f99,Express,2024-07-09,2024-09-06
a69c2beb-48ca-4baf-a9fd-f4be4b368e1b,Overnight,2024-09-02,2024-01-27
49d75b6e-100f-41a5-9534-fbf2af76394f,Overnight,2024-04-16,2024-10-03
48489704-04ca-412d-a8fe-9f845da0ac83,Overnight,2024-07-05,2024-08-04
a561426d-5c85-4ed9-a943-2c9b42e03529,Express,2023-12-29,2024-01-30
fee1ccba-a75a-4f62-99ba-e48bbeafcefb,Overnight,2023-12-15,2024-07-05
48b97331-5334-40ed-a98c-fc2d3921e874,Overnight,2024-05-24,2024-06-25
6aed205c-495d-441a-b79f-c0d78d347dbc,Overnight,2024-03-30,2024-08-28
5e3963ca-2f01-415b-86fa-fb611496c173,Standard,2024-08-28,2023-12-27
c12b12f4-88f1-4781-9290-469c57948a92,Overnight,2024-06-03,2024-10-11
7b44e7ee-8e0f-4559-bdfa-d08a7931b2a0,Overnight,2024-05-15,2024-05-15
e8b712f8-0112-481e-8d82-b50a4e805499,Overnight,2024-06-27,2024-10-11
0140a187-aeaf-415d-b749-4e5fcdb637cc,Standard,2023-12-21,2024-04-10
b8793c37-6081-4c95-90f8-f757f12c731d,Overnight,2024-05-15,2024-07-28
aeaea880-aafa-4bbd-a452-f5e6bd098c01,Express,2024-04-02,2024-01-28
054c799d-f651-4aef-914f-c4e5c40aea1d,Overnight,2024-06-30,2024-02-03
a3b1d13d-3559-4d4d-b5da-f7ddcd46db47,Express,2024-06-12,2023-12-02
a4f239e8-e2b7-471b-bf67-54b5606a7a3d,Express,2024-07-08,2024-06-14
23b0ba2d-a785-4389-bbb1-95f839271435,Standard,2024-04-04,2024-07-27
c090234f-0606-4454-8fa3-3e585b386aeb,Overnight,2023-11-25,2024-01-13
381c3537-392c-4853-87b3-e59785587ae4,Standard,2024-08-06,2023-11-09
e970580c-0edd-47c0-9d25-ccbcdbd52f38,Express,2024-03-24,2024-07-13
8db0d362-5cfd-476a-93d1-7bd74316bba0,Express,2024-07-14,2024-02-06
73ee188d-2bea-4422-a8bf-058d39c4dda1,Standard,2024-08-08,2024-07-19
dfd1d606-43a1-43bc-ba84-d0914c24ed35,Standard,2024-08-02,2024-03-19
533e09a2-972f-4a5c-89ca-fb3dc15eb8b1,Express,2023-12-03,2024-09-13
40bad8e7-e8ae-475c-b8e3-34374b3c08de,Overnight,2024-06-10,2024-03-27
c2a593ca-a787-4919-a92d-829aa2cf3cfd,Express,2024-08-05,2024-04-10
cd9bb68c-0939-4ae9-aaa9-b74053b6612c,Standard,2024-05-19,2024-05-30
c1abf491-abe0-4229-b836-55c3aa31ab21,Standard,2024-10-20,2024-09-07
ad6db5eb-cf92-4193-b511-1e824b09ce09,Express,2024-01-02,2024-04-20
05b8bb8c-69db-41da-9eb8-9cc59d39468a,Standard,2024-02-15,2024-07-20
7568028e-f9b5-4c5b-8070-db8c3bf99c52,Express,2023-12-12,2024-08-06
d1a4e6f7-9f8c-4a34-937c-368f9f89666d,Overnight,2024-07-30,2023-10-29
8db0d362-5cfd-476a-93d1-7bd74316bba0,Express,2024-05-18,2024-05-30
e2439f28-875d-4615-8d20-981efc1c05bd,Express,2024-08-13,2023-11-06
c1abf491-abe0-4229-b836-55c3aa31ab21,Standard,2024-09-16,2023-11-17
78ea17dd-ab7c-4f83-a408-44384d8da779,Express,2024-06-19,2024-09-08
eff024fa-58b7-44c5-9e9f-5f42729f0fd3,Overnight,2024-09-20,2024-04-18
8e396035-b6e1-41f0-acb1-f6c193d6453b,Standard,2024-05-02,2024-07-13
186f422d-860e-4bd8-9bb2-7316f510ea70,Overnight,2024-08-28,2023-12-01
9c53d29e-866e-4881-8367-95be486b3cfb,Express,2024-08-14,2023-11-02
0e991b9b-04cd-4c90-b4ba-e369201bab29,Express,2024-01-12,2024-09-03
27feab80-75aa-42da-accc-a0c67865bf6e,Express,2024-10-18,2024-05-08
d193928a-d7af-44a6-b28d-e16c5f36d0e8,Overnight,2023-11-13,2024-02-20
1dec25df-770d-4a2e-953f-2578537378a3,Express,2024-02-11,2023-10-27
69e92271-0e40-416b-ac07-b3defab1f47a,Standard,2024-01-06,2024-05-29
e03a8853-61e8-4ca0-bf74-0bd29e8befcf,Standard,2024-10-22,2024-01-26
43c0b296-1de7-4b2d-9700-c5ed56fd7f52,Express,2024-06-13,2024-06-07
dbb1e597-04eb-4c47-b319-a8349f88c390,Standard,2024-01-25,2024-03-15
4b029432-0ef7-4e39-805c-0297e3aea25c,Standard,2024-08-02,2023-11-05
99ef2a93-471b-49a1-bfb4-6adca10d1270,Express,2024-08-13,2024-06-28
cd3922c8-3b3f-438d-8adf-097b02c7473e,Standard,2024-09-26,2024-09-09
9b9cb3ea-6395-4636-a07d-f6c96058e6a1,Overnight,2023-12-17,2023-11-02
dbba7434-2af9-4376-8fdd-76fcca55893c,Express,2024-06-17,2024-07-08
42de68bd-befd-4b36-b328-bee2ec0e2d92,Standard,2024-05-22,2024-02-15
391a73cb-2b45-4f3e-8b80-72320a60392e,Standard,2024-04-03,2024-01-11
7306c143-7783-46c4-a29e-3a45986da340,Overnight,2023-12-12,2024-06-19
b23dddc4-7aed-4ccf-b5c5-ace63449a942,Standard,2024-03-01,2024-08-18
fc24ef9b-19b2-4ccc-900f-377cba261390,Standard,2023-11-17,2024-08-09
ce59c541-a0f2-4860-ad40-830f7b0ca654,Standard,2024-02-06,2024-09-24
ac8b44f5-0a17-42b8-8542-e30b62d21f2f,Express,2024-07-16,2024-04-04
33060cc1-6ec1-4f7d-a8aa-ada91caaf21e,Standard,2024-06-12,2024-05-09
6029852f-b831-4559-92db-b04a1219f1a9,Express,2023-12-01,2024-02-14
8bb6a3d3-e9c9-4cad-b012-f425c237d92b,Standard,2024-03-05,2024-05-28
07f29de6-d45c-47e4-8e35-2451b55adbab,Standard,2024-04-07,2024-06-23
17f2d47f-c366-4b97-8424-ff5d90dd1cdf,Overnight,2024-06-07,2023-12-18
d518f43c-eccb-4aed-a88e-70fc7f32d0d5,Express,2023-12-08,2024-08-15
1f50b7f2-fe30-4251-88ea-0ac7b849de6e,Overnight,2024-04-08,2024-08-26
5acb6adf-b101-4225-a0ba-fa367f4bb3de,Express,2023-11-10,2023-11-03
2d4c626f-3269-460d-a2fb-5719e922fd5c,Overnight,2023-12-25,2024-01-15
949ea28e-8a2b-4123-a03f-94e748106ba9,Express,2024-02-08,2024-05-08
5222a96a-648d-49fb-837d-3dec29d0b89b,Overnight,2023-12-11,2024-04-27
3708d476-addf-46ac-b79c-304bc0a9336e,Standard,2024-06-07,2023-12-25
32958412-c729-4f00-919a-ebd2606a89d5,Overnight,2024-04-25,2024-05-25
67d94623-c4b2-4b9e-a6c4-c3c69f72eba3,Overnight,2024-07-28,2024-07-27
fb02f750-0e51-4880-9ea3-3a04043baa68,Express,2024-08-24,2024-08-13
344e4d4d-9cd5-426f-9201-e9e56c0607ad,Express,2023-12-03,2024-06-13
0a188c06-78cb-4135-8743-71869a04010c,Express,2024-06-05,2024-09-21
8e0ab427-5231-4dc3-ba44-5b7409367fc1,Express,2024-10-08,2024-09-08
5e3963ca-2f01-415b-86fa-fb611496c173,Overnight,2024-06-17,2024-02-20
a10f57d9-19ca-4ca8-ac5d-bdb2f74656d4,Standard,2024-09-24,2024-06-18
9fc3e8eb-6780-419a-acc7-2973a944047e,Express,2024-08-29,2024-07-14
e302ebfb-8f9d-46ac-99b9-dba3a996a155,Overnight,2024-08-22,2023-10-26
df5419b4-f2a9-4a44-9977-c69c325fc920,Standard,2024-01-19,2024-02-08
787cdc74-bb06-4ff0-9e33-af98e8345019,Standard,2023-11-09,2024-09-26
df7ac0ac-fa21-4c70-ac7b-52981fe981e6,Express,2023-11-17,2024-04-07
f737701e-342a-4d3e-90ce-1afaf2f591dc,Overnight,2024-05-20,2024-10-07
b5efec73-c912-47cf-b40a-bffba23ab3ab,Overnight,2023-12-16,2024-04-25
7ef64b83-ef93-4d30-a946-3347c278a25a,Standard,2024-01-22,2024-08-23
53777ee3-6686-473e-8b29-0ace4dc6a1af,Standard,2023-10-29,2024-01-15
59eaf097-9c0a-485a-ba39-9395948ff5c3,Standard,2023-11-06,2024-07-08
3f1b0573-1719-4edc-a62c-c370fcc54a7f,Overnight,2024-01-11,2024-08-15
665c07c6-a849-42c6-a5a0-5dc2ab9d6eed,Overnight,2024-03-25,2024-08-23
05a2a0e2-9d1f-4b07-b9aa-edffe016111f,Standard,2024-09-11,2024-09-08
9064e7db-3314-4ee4-a1da-2601be6da683,Standard,2024-06-04,2024-03-16
5f9a50ca-8b83-4c27-815a-97f1d180fb1e,Express,2024-08-19,2024-08-22
ada938de-437f-498e-9410-34a8d62cf16e,Overnight,2024-03-03,2023-12-11
e794fd11-7dbf-4a2b-b830-adec5e1ffc65,Express,2024-07-30,2024-04-08
19883015-3979-4e13-b2be-e7e467a4eb85,Express,2024-02-08,2024-01-25
c6ef7f07-a365-45c0-a18e-7e4b3d175ec9,Express,2024-10-12,2024-01-08
a74604b5-772a-4908-a731-a4fc7a56d308,Express,2024-07-19,2024-08-30
f4b7a1dd-aa41-4f23-bd93-4c0e7530d5dd,Overnight,2023-10-26,2024-07-23
da6ce72d-4058-4038-8763-92de861726f3,Express,2024-04-21,2024-08-01
cfc8f5a4-d78c-416a-aaef-246905934baf,Express,2024-03-26,2024-06-28
a60cdb50-0bf6-4cfd-a480-6c54c036bba0,Overnight,2024-05-03,2024-04-15
bbc4fd66-4f44-4dbd-a41e-4181004772eb,Standard,2024-04-02,2024-09-26
ce5743db-304c-4c74-8fe5-b1a57562dd45,Standard,2024-09-07,2024-01-12
67d94623-c4b2-4b9e-a6c4-c3c69f72eba3,Standard,2024-01-19,2024-03-01
0990568a-9b57-475a-a8d1-8b454f5a316c,Overnight,2024-04-05,2024-07-03
28002d44-eec1-4038-bcc7-4e3b183f119c,Standard,2024-06-05,2024-07-08
d1ab7e6f-3b78-4ee0-9176-23504ea040dd,Overnight,2023-11-21,2024-08-28
346ab4b1-b677-409e-8cd9-0c2287dc6b41,Express,2024-03-29,2024-08-06
29aefe2e-207a-44c7-9224-4bdd8b035792,Express,2024-08-12,2024-03-23
3b416acb-b431-4b4b-8b46-6556969e5225,Overnight,2024-05-11,2024-07-04
5bbe2526-fb60-47a8-8288-f687a578570e,Overnight,2023-10-26,2024-07-22
c090234f-0606-4454-8fa3-3e585b386aeb,Overnight,2024-07-11,2024-01-15
96d15170-0eac-4857-9148-cfb92c58341d,Express,2023-12-03,2024-04-03
3823eabb-fba3-4091-bb50-9c29dc21cee3,Express,2024-07-08,2024-05-31
05a2a0e2-9d1f-4b07-b9aa-edffe016111f,Express,2023-12-24,2024-09-23
85d4b2aa-01c2-4d4c-a0ec-85bb2edfd340,Express,2024-05-16,2023-12-27
9e44f411-2ecc-472b-ac38-97ebc307e7ff,Express,2024-09-27,2024-03-26
23c0504c-d3ce-4e95-90de-1171e9ec7e9d,Overnight,2024-02-06,2024-01-17
22a4973f-88ec-4fbf-92e4-597ac81d0381,Standard,2024-10-16,2024-02-15
eff024fa-58b7-44c5-9e9f-5f42729f0fd3,Express,2024-02-01,2024-07-28
40fc9987-5c38-44a0-b682-68b8cdc857e3,Express,2024-05-23,2024-08-12
bf675f2f-c09e-45ef-b063-48dd436d44b8,Standard,2024-07-17,2024-10-10
b9470e6c-81e8-44a1-bf9a-281f4a79acc7,Express,2024-04-02,2024-10-01
c6861572-44f6-4681-8edd-1876e8c9e7fc,Overnight,2024-01-09,2024-07-19
25f7cff7-c413-4418-bfc9-eeae81d4f799,Standard,2024-09-02,2024-08-24
346ab4b1-b677-409e-8cd9-0c2287dc6b41,Overnight,2024-10-12,2024-08-24
013997ed-2697-4b73-8637-ae8c4e02f789,Standard,2023-12-27,2024-03-20
367103dc-cba4-4ffb-be85-f620349460ac,Overnight,2024-10-04,2023-12-03
06fa5ac0-791e-44cd-a3ac-ceaf62c1c1af,Express,2024-08-14,2024-01-20
